CustomerID,CLV
148,56.56723390171032
463,93.75123655570917
471,79.4407328266171
496,35.33146840939703
833,73.67320743714448
1088,113.50886825568762
1238,58.42845445341629
1342,48.81577074935545
1580,138.8320248119395
1591,46.9894302858008
1645,103.56613595935265
1829,27.085720269470144
1959,117.77279857401363
2122,77.74574800552483
2142,139.25088087786614
2366,148.4387579684857
243,58.677958848477346
392,40.34538717239162
540,133.27175055618787
623,51.84589835153026
737,115.5648399803298
858,99.03061656967562
897,46.87042573736033
1025,33.03581300525052
1084,81.98398029893126
1127,71.2794287117306
1395,56.63964076623261
1460,31.41284204714374
1483,79.77901028518228
1507,45.981002877202044
1522,72.4356545491958
1721,130.9584002603451
1896,162.91303687231218
1990,96.69468604308089
2235,75.81501615992305
2387,54.680631794821565
31,137.8019637279584
516,133.25641301591858
1139,65.76949753769583
1143,53.2015097870326
1270,124.51940127665762
1303,48.54462377278027
1322,141.05282885674077
1339,81.4848698287728
1352,112.27286179648469
1618,71.54985196108561
1650,128.92065599865379
1699,65.6814608800992
1903,136.4758158596753
2393,24.623510242869468
85,110.42056194431119
137,87.57952437287346
251,43.04409420603459
451,128.17857701856124
580,84.85980314418207
808,59.08221170048153
1265,45.51900622236653
1884,50.888868247831745
1975,153.60854597383369
2025,71.89257684539176
2231,95.91573461494308
2259,126.4019879911707
2443,76.14601709595937
2488,56.49318205417111
65,46.731824088077374
458,98.7943660650463
879,48.82734522516295
883,101.36149127265479
1223,51.18022223684252
1977,69.24745474784221
2096,114.56123336118173
2249,33.38206643041745
2392,36.82064672342509
53,44.22580561704055
255,58.87194528695535
481,64.78784694884361
588,116.08877272528528
799,89.08664125241602
804,52.06800171815906
898,49.04122125939283
970,106.27873707973801
1157,122.31509858234848
2027,113.02771010248672
2156,144.7077929314929
2247,59.619622506683804
133,92.8692701673067
296,98.29773609674561
472,66.22436839451568
853,57.694240803946684
1466,72.93267180209864
1718,118.35564647125003
1766,65.32699485892178
1787,80.52892596162637
1888,48.812526109042714
2035,78.28772398428687
2238,59.73899332428517
78,40.85973188769328
322,127.74409202414923
513,69.87229508473077
918,40.26361690429356
1005,68.0329709106736
1016,94.21286004704551
1133,115.58021193700772
1808,125.99602975951014
2396,84.92995413130566
321,87.8744546706753
362,63.08752753630077
613,76.42976706359154
633,107.76885655484548
673,70.65098304772008
857,41.02425616842844
961,109.34637709115665
974,53.067813584171375
1160,111.61222657092114
1533,38.51011695268777
2479,43.52073118583204
375,113.56060055973086
593,137.35582293688188
597,38.70945912648682
876,72.5171777050732
976,94.29807530775707
1199,88.19514855881197
1212,77.61759071498122
1417,64.18999594428888
1468,51.817708471469494
1653,102.10431411903393
1743,57.83514530561376
2173,45.11769930032296
108,89.6374365529822
155,62.58068633333344
683,69.68041191658573
744,71.60697572046864
950,77.60971825923485
1331,68.75270226110888
1525,73.84402987566618
1561,88.24686498608358
1700,97.38414251968652
1863,52.902401027369315
2294,53.42624828321856
34,56.80533257859876
193,40.21323452498948
211,123.73855884170023
368,128.68723173579426
530,82.9479906229479
642,64.79627060328093
796,52.97532604867981
1068,134.12743003417745
1198,70.44596577862907
1344,133.93212158241866
1404,129.7975818672355
1537,47.04442895731295
1675,92.57645493310318
1924,49.72732800942086
2200,34.24911515027712
2225,78.41496427631421
101,64.06344204019086
115,86.029271263595
126,69.17358014668844
756,126.0434167396784
772,135.88641705517318
1165,45.693630542315894
1183,84.42835953732487
1378,48.51695397522114
1500,61.8682966953783
1745,120.9497984885248
1823,27.2430531109202
2003,90.48056212218187
2261,35.5894887372479
2342,135.64575993923327
81,148.4688281207464
385,74.85694260575053
830,138.35457422987665
847,115.07846796632683
874,54.014969123922555
939,85.6131226676275
1226,46.269014987515945
1259,122.16115075944619
1869,62.92556815584435
2007,38.60668059215421
2212,65.0232766450763
2484,37.6709319037125
28,136.77951877238795
183,120.57531991069719
210,82.61238293826868
436,44.35828856850427
1031,55.37799257507136
1175,48.903112182325216
1201,87.04093569814262
1426,106.3533340112972
1441,44.56095176395502
1496,94.31173954878501
1892,45.295989048697926
2052,58.87322956415138
2079,127.01452394967218
2180,75.16006756795593
2209,43.958868143746095
2313,29.812895062507003
2463,76.32100136424526
497,61.04767977699996
596,50.074760280518035
762,31.130140668698427
1051,35.459113819133975
1243,70.15128464662547
1274,86.4312340475488
1296,89.65358547685067
1415,40.9451269418887
1510,89.10778223117708
1621,52.12934276945261
2018,152.4033513114224
2044,53.815897213316084
2355,59.29666642092627
300,42.398373536291125
406,47.823498728925955
412,84.86751050635075
784,38.70557957943578
787,95.83687453264163
842,27.447437201334548
1030,118.33520391748873
1034,48.8523980011926
1064,40.36094840737837
1156,64.306291535471
1163,80.10073497123496
1489,37.408795885384365
1752,135.4051455274867
1772,42.21167789161626
1826,45.64286606883629
1974,48.90274230509261
2349,71.2225006435384
2386,56.014595071592325
587,134.76226370934873
731,92.70098708451366
988,40.14507726853921
1276,65.59881321946015
1307,45.42842148738519
1574,95.70309869551805
1708,143.40027330189145
2015,137.51010582702764
2094,98.18501559448347
2240,53.012604173661224
76,28.098902628941254
667,132.74048679713385
688,66.68117595680107
723,102.84485275260529
914,113.98172835323388
1372,74.88319078698545
1480,85.64468507822093
1816,40.74992361729302
1871,31.780138215259786
1889,56.49615878817364
2032,121.04918042656924
2467,69.96022610428174
26,103.57613671689575
27,39.11528698753412
332,65.03911702764272
501,112.82226178332401
577,119.04633040426457
626,65.1065586643507
1235,31.460248077227543
1493,81.42775503426382
1634,37.7347940169461
2023,98.75996266007685
2335,50.58470771852245
2439,130.92285968460834
384,29.00406572036796
831,125.66071531272426
1019,109.08805500010888
1269,48.385018579306454
1294,85.48822579858619
1927,33.00356209738762
2047,50.33799280485725
2189,114.24298785169914
2331,43.10120323640646
44,99.33443001127412
159,80.90200983182172
192,110.33294721486786
271,65.97681854234172
606,39.728152487452824
743,128.6236417606369
811,44.44227877175387
844,28.322494463474694
908,35.43429417934879
916,86.09389759855215
1135,92.55166942503311
1350,37.66135740938284
1418,107.55914658660096
1875,99.99989097470055
2134,59.06048508253532
2169,85.33072938315463
2322,32.95180398338489
253,75.56411182861285
806,130.0612520757978
1148,46.2613106702183
1210,94.90957544541908
1280,40.876365714138274
1363,48.55137416191242
1689,110.18453927349232
1759,29.312511047621438
1771,83.7688688920448
1866,65.79636438493507
1877,124.63348866405079
1955,66.46047352034174
2076,43.795528109109654
2371,71.83197730153798
103,122.90101714208843
236,44.21666444135479
329,72.86755415700623
460,127.81347076387381
1056,53.330067184584195
1085,79.35182712718114
1398,88.40638461558798
1873,35.202025245962425
1890,82.08917768066334
2062,58.77017316270245
2069,136.98198713492377
2198,87.03870394021106
2323,76.89789427462743
2496,70.00597061795477
2497,114.52742626240808
12,158.44538230476374
336,43.630131849366705
350,110.86046555050413
973,63.07418189209247
984,65.32233790716566
1046,117.58420248013333
1093,132.1883426834807
1260,64.03045451113671
2228,74.99294078192497
2236,37.8668873296634
2409,96.41627610362544
223,80.00827007082361
738,40.60200716220696
860,40.5778981054943
1769,31.172972089096543
1838,96.83935110460361
2006,29.377053724534754
2090,115.5866502483768
388,32.30255040917255
417,73.945586801666
548,74.13660097758387
602,38.65122183510971
1208,60.14728093695249
1775,22.49181272738221
2168,55.82621040577939
91,39.57663199309648
409,53.896463762580886
578,26.162443424237942
663,36.69355399826056
926,50.97073812575902
1077,56.50632090935828
1564,144.32670135148064
1659,47.302357600502894
1777,128.0870970534065
1820,120.24668506416062
1978,83.84378819892645
2022,136.31838012956243
333,87.17140310741816
707,73.29617245555234
822,36.028857252681185
1215,108.06876542932612
1290,93.78998520801812
1457,116.73857718822411
1582,49.79605110859785
1908,42.33448322824063
1925,124.54329933314874
2113,42.08174680553706
2127,121.41399891713561
2227,122.07378258977188
2237,101.75832475847223
2255,109.46233247178004
222,72.00908766865949
285,60.50690661866073
601,75.50797750399335
875,105.31151039754363
1249,144.5507537904731
1324,135.99803464807377
1565,117.0053684547769
1804,42.317784370813705
1824,45.29417697059067
2031,93.84005682063824
2288,68.83807502658922
22,49.056071014283766
128,45.08432379873971
209,98.64606378422513
330,52.003788633528856
372,73.04078947296638
604,55.41968918708753
685,38.4947033067392
727,128.87607974577477
995,131.71348022632748
1065,109.40776288630502
1125,63.59671640010358
1295,103.69705579351759
1332,91.08876280716449
1469,73.42968369021453
1550,123.63563385350277
1731,143.3694079586953
1796,87.93254132803837
1848,54.28734480336259
1886,113.79734924051515
1961,32.567979708780605
2242,76.35258364535544
2407,113.42647844700888
122,63.42563475771362
230,117.35136642720215
319,31.147160711551194
493,30.375193630968674
625,144.86138888462918
686,102.20643819783827
1176,149.2273371795836
1291,61.00715147772978
1583,20.67963140577113
2013,152.24169770827652
93,25.175194945524527
157,109.93227892309707
190,65.37474658371603
225,87.10488933291823
232,55.08714479689481
233,91.18937892098741
758,81.14582647759006
924,44.207288109780045
1506,116.27480422887731
1633,94.88124727380783
2042,67.38499096114397
2148,38.21142668993534
2414,88.98026564119806
246,88.37700246121238
346,101.79606609311715
360,72.1760769872859
367,98.1872143022172
476,97.84516246123424
539,92.48679524401395
599,100.76397250495064
725,143.92441834748354
855,71.53488098605949
861,81.68163901726778
1061,71.7529764379796
1588,133.9452637879159
111,36.33762057107673
224,80.41334529043603
519,108.91991812987426
654,41.798242465658035
1197,85.9885471607306
1505,85.51915676609497
1729,47.04214469331261
1785,97.34020914343681
1942,57.23969419443079
2181,84.73847310177126
2404,81.33885785369321
47,113.50392637210302
1207,105.1200465772374
1456,153.78230272995177
1477,64.68812329391959
1939,77.84596338465536
1944,28.69540703616968
2051,52.191011307996504
2064,99.65226744998091
2192,62.89621907165194
2284,72.5122177640986
140,78.49429704512552
177,86.5798486529755
416,69.66705580375492
556,98.58531972392475
711,58.57685302601168
827,38.13631912443055
1055,42.75908427286663
1244,28.311745813533445
1300,88.06801559672161
1425,39.01612067183602
1613,32.20339271972486
1899,73.47326449702882
2037,75.4387008962863
2038,124.6797008611184
2109,84.1055226537925
2306,97.95261148853426
2398,106.02425476619888
132,50.28512073024441
152,25.353261234525547
444,119.4173523960198
665,140.59646286245646
671,81.99291668105185
1114,126.59775622804271
1206,135.7788524015919
2056,46.87753698330384
2466,40.7716192025697
185,48.04977163455966
305,132.52547107813146
353,103.38827112093423
355,67.07979511603139
618,51.20827632093987
694,105.2806989039232
696,135.19576231088735
747,55.739543343682286
882,49.67357883567367
1512,40.38307991884145
1542,103.61581768985636
1586,104.62172306368613
1599,123.52066482121056
1694,42.611808944591594
1786,69.11403499525363
2045,128.5038953349828
2092,47.19778555398772
2312,81.18238603560891
291,52.93717694886362
325,56.27708785457561
386,136.0827569771057
906,142.4525245793596
955,73.21520083500238
1288,43.25659710311128
1306,61.65527093160504
1311,127.60933556225963
1723,42.62801643094991
1774,123.54596165101634
2082,135.75815927746214
2108,90.7521787552683
2219,27.287580974339477
2339,141.20800511308124
2483,35.46116372498709
435,69.54596714535174
473,136.44156523489087
581,74.00483713746483
603,45.263282660913475
660,84.84690760182094
748,51.93501170120083
774,84.82050800874086
912,121.38116779024554
935,43.437850866250265
1170,69.48992931279824
1266,32.684675717313944
1382,83.75246934433127
1590,44.73398977544244
1626,74.83434512288926
1681,169.17982252162366
2191,61.0718681588448
146,67.40107423105457
704,39.54738166190667
1122,86.68140594251811
1145,88.27922291284762
1247,68.89173591681059
1304,46.1217050936102
1488,80.88285206848113
1491,110.73161447965296
2320,123.68263753160649
2329,124.23626538575542
259,76.46184284695953
512,114.8152083345792
797,109.22169834871637
1595,44.054058170265556
1664,154.63497594173504
1773,81.63478466485688
1802,79.43177965638628
2054,59.067475905153835
2239,56.09866388019923
1,39.718145389078366
206,73.4639328580924
896,102.04113863983387
1008,112.34953322867796
1172,46.339007050905195
1391,130.8094472194543
1504,60.31845127268716
1516,53.37068418437869
2296,45.40806858382039
52,78.65666201120496
297,73.23445738304258
363,41.41921196948136
768,147.72794814216675
770,70.87351993988602
777,97.94699969213902
1302,99.20083239866845
1485,72.26417116872922
1683,132.6247183162999
1798,77.55120559319334
1812,131.83619435369542
1902,99.3800117389348
2138,84.57613792108273
2183,63.18205122584132
2364,151.20959096933026
2475,127.5265164617764
212,38.88214510228093
674,122.49281012575156
715,85.0107297259339
992,113.24865865272177
1047,79.3998243114923
1190,87.05968398863673
1400,145.1604747252853
1427,26.84369251366448
1458,145.0452242824912
1546,89.0851878513964
1651,97.62118499211653
2155,50.56133443128352
274,71.34702303103508
631,76.29799477154485
1434,130.34895916461736
1473,87.65948470358451
1616,24.97745735661748
1722,71.6518896585164
1878,121.52370490413361
1922,108.82370627143057
2170,115.2064990610825
2256,31.367285561113658
2344,127.70816215906791
2363,119.79230142001032
182,60.06327235376401
442,40.96304727633953
689,54.40352347225129
699,140.51377683166737
792,47.13827555919018
1137,88.92424491151222
1323,74.34567021954783
1399,64.26353271505121
1608,54.56248478173771
1644,39.744817338678224
1770,72.00751695240635
1822,124.90573286687868
2059,56.34415961882793
2213,51.818125039057534
2380,54.47047944447179
13,61.42339339833593
218,44.65721384591343
280,105.04436116705226
348,48.40600947284492
440,147.24301380092294
734,47.94286388895086
1663,89.12785047985415
1682,108.42503888908864
2318,123.67849675567871
2337,39.44818893812412
2383,53.069173486069886
2455,29.18884170851351
2471,58.583224664077825
6,31.441679133237017
16,82.15964553750338
86,46.09258624782886
474,77.75060305206577
636,60.63048695123946
760,83.22723721662648
1089,115.82684532325744
1100,53.00611238090672
1155,123.87350483633864
1267,83.88344651709274
1367,131.25652729181826
2102,72.42654203950701
2210,58.042841176705686
2281,143.52492424403545
2433,96.46637417382998
168,105.1034615708705
205,133.75633129735897
572,49.67311467803386
852,51.500365195124964
887,131.11455192978158
1952,80.3849450454418
2158,76.92779285596022
2470,115.89626465181536
3,55.62208681964182
142,132.44824277916473
178,85.39244099092026
925,46.20765372542928
972,44.84468026897238
998,70.0828406244417
1062,159.45114501554508
1082,136.3555356895087
1218,58.00628767830821
1242,69.71223181774957
1380,84.96431815849428
1749,50.957288844424816
1834,97.17733309813401
2196,139.82356929234092
2422,41.37134850421694
2481,67.7256561653462
308,83.23154437818819
328,95.19084162151137
867,43.846883235818055
1130,28.165284389292808
1410,51.97910290685327
1627,58.85851312270714
1646,63.10736993650141
1783,103.76085625598628
1934,63.27042024931278
1956,53.47249830044366
2040,100.62823486701275
2292,49.30877640039866
20,50.86583592650371
40,149.7360813013385
164,50.63300951042867
429,51.637524242886435
470,141.89874882519297
839,48.11389778794094
1275,115.50702605843358
1636,114.1142297950312
1988,128.49258711681614
1997,127.50768740115417
2161,71.52578196400371
2391,75.34725989236672
169,76.85256110059626
500,54.02648606174768
1171,58.04949523797682
1349,88.46134914204703
1353,45.21675273616938
2193,130.96772794888165
2326,58.036335416972506
2351,123.80384438729057
139,52.81563183637319
283,122.88005053279917
359,108.77943135281718
479,65.37044154843309
1144,49.94978601939345
1444,105.60319529377661
1461,61.065863607351396
1994,77.50802619438183
2026,60.7153476690495
2071,49.918171203844516
295,36.24786354208219
340,73.43576765872746
431,75.97530913131227
692,47.34047665271665
881,57.510034334799265
980,55.191951122960255
1021,55.80627391037275
1245,38.74445475419061
1335,108.57327497218097
1538,29.675711046736147
1670,35.14469776508286
2185,106.22689422176775
94,122.77616996249728
250,84.44293367877523
377,65.24134429069547
402,38.41711680247753
432,66.7328758462609
582,38.999404577511314
1273,109.63659041198864
1301,145.07690525917397
1394,119.56166192346961
1455,53.42929985730876
57,40.306509135573634
570,99.1071278680862
868,74.55540837663209
920,80.45310347095489
1026,48.7097138709292
1628,69.45735079903167
2343,136.55344389209048
2384,38.4985701065276
2489,118.8688645138808
647,155.72690503353925
966,51.568842009422454
1074,81.65753792140943
1113,48.92494702066843
1467,108.36268462935743
1615,100.27461802011761
1818,143.307478721933
1968,84.56115970040469
2405,39.65847630689568
2464,126.18847701317645
292,99.45967255523763
306,58.37569400011331
339,80.34154786510507
676,60.00982101562812
919,59.59597861775713
923,53.80416961067472
944,144.6498870355943
983,79.69532501832695
1069,43.75541434512084
1146,76.3550691533609
1251,65.29742165050554
1355,107.25517741517166
1517,70.36241668747196
2177,127.02300228518008
54,122.11637851493803
120,54.84317401983205
559,50.66021001484481
969,72.63295651121288
1028,44.35176863324032
1499,146.6522275554838
1781,75.46170590177724
1917,27.561217707629183
2014,56.84335459382097
2232,151.98126409034245
491,87.18535661668042
634,131.4409479831879
646,84.20724111686913
1191,24.260897145993408
1665,116.88266036419344
1847,88.18694823661755
2223,42.00368382793569
2245,117.23639099522887
2485,96.03288856882497
96,66.78839100928437
235,56.82294671218286
545,41.98875141098522
620,53.169664155209965
776,72.95210284673188
846,77.26172978584225
871,44.65325449606037
1435,120.14388892811839
1551,133.04342124674736
1605,115.76244746236132
1701,85.7003619198531
1951,168.65404343052248
2412,62.265100259991556
452,77.09431003701884
732,77.11366089077345
840,121.99518069181298
1029,54.19665197349647
1032,54.67960936113946
1167,54.97782954685784
1464,50.31282940538061
1518,36.457936122655354
2224,104.76676970455576
2447,43.33937693094055
2477,67.2812144447862
48,71.2513752413769
266,33.278920529573234
507,48.189028521382454
544,35.07911804597749
650,43.90423825645283
1811,71.67035342770943
1835,76.17176505737706
1930,113.92042098351521
2203,137.6733076016573
2375,26.364754826250643
2458,49.72014434647205
5,134.94192935296473
163,134.34188820505327
191,33.37831762352474
268,126.43264025722983
1087,86.36238532226423
1341,50.36230010730168
1360,112.48098381247684
1407,87.53720100924076
1711,96.1451294069806
1855,71.98363871911158
2128,67.09989282578304
2368,28.431343630381274
258,90.852023318126
279,20.897073629065442
709,78.77183106707722
959,62.168470605834514
1010,135.0554841227931
1232,46.777682870835015
1357,78.13579730198661
1806,144.45997092892293
2072,141.27707198154454
2197,68.45458734155106
2252,72.56941122131937
2268,142.8866046720485
2437,150.43626198699442
2499,73.14198278490579
729,45.28862796227727
1642,58.10646628331387
1748,91.75495565795588
2105,44.80112938014476
2492,79.45828874683924
19,112.53044509193751
397,90.7499417106083
430,24.937942498189493
754,59.86151841166276
989,101.7403867820881
1420,45.15190692748813
1436,40.82825474256422
1856,115.47256080520707
2085,129.357904624437
2451,104.21459990206469
92,44.59371986162783
419,90.61829794465477
542,46.4237287872139
553,27.279416951927242
560,145.82644987343713
836,27.728414952514928
1192,106.34247722560696
1541,86.25948277129156
1807,47.66831021589108
1938,106.20827288604413
2218,146.59992152925838
2374,141.20589027857358
415,131.81705611905855
780,47.895180871413096
1128,128.31805804826192
1227,57.64590853517839
1475,84.51330427374789
1486,86.46894183042131
1739,72.39526887320578
2176,140.2852132006272
257,58.3499049054743
299,64.98852623892408
641,36.90372541852417
644,57.38844481406617
826,74.87409643973972
1186,45.85651856402125
1250,107.24371602037786
1314,61.07613855230518
1497,156.76844929465136
1521,40.96179704017848
1569,55.409966399324176
1751,29.16665069183565
1841,88.34554705824826
1843,112.05846227090319
2153,163.30498589379803
2418,98.86315732110565
64,72.26375031242301
117,131.71312308331136
227,143.05367755102802
579,52.95159242344872
1220,58.777253408758156
1222,62.46366810985965
1225,83.81339897390087
1299,92.71025885733941
1478,78.66201021628093
1490,91.02114031679419
1603,43.75917290252368
1874,96.51110679656743
2131,135.6371859719158
504,31.0480661610767
554,87.28700007187848
598,143.68337272095295
764,38.259796577749455
886,101.34347850603447
936,114.39955366219598
1002,114.00431017854085
1048,46.422138245193054
1050,15.968675813101619
1166,83.61429240141088
1252,113.50952026754503
1255,110.62021032225066
1298,52.857455356966824
1375,110.28342137686268
1692,114.9130696335489
1733,161.78163362217376
1973,38.38433178247596
2220,40.04250956289287
2286,24.84021066646016
41,81.10438260941211
154,85.67661597139924
309,94.20487302050094
425,79.88540142515373
904,62.917233825627605
931,65.76291088876684
1181,52.357702842486766
1189,88.95039625151713
1321,84.92604003681059
1326,51.805088244672035
1452,126.74229385676742
1530,64.13323554811642
1559,69.82856489708523
1846,78.8030567995593
1979,47.84627146101244
2041,102.14187113652997
2150,150.20881173436948
347,54.781726089504055
447,140.66457013942542
455,91.395810106576
484,52.332614020071034
607,48.15644739231997
1035,109.66830232774542
1529,130.89661794220953
1632,120.42062290212986
1688,78.03738221004826
2190,61.23869493332558
2365,95.78947298976503
2410,96.5839561539168
15,122.30918146348135
43,53.70507001111754
845,115.63023594472232
1136,91.9438915550746
1151,59.29665004089955
1253,62.2580659719837
1827,105.95634169116785
1861,87.28272820613454
2346,41.035705325888934
2420,39.872988554379305
262,143.85207136444828
511,76.87841341956877
929,69.79503810659769
1052,75.60913757470843
1756,95.18505396988076
1904,61.57056467527242
1946,147.20871810798985
2385,121.64520590435816
112,77.94164494454556
269,36.909818559607324
1045,78.6854848179936
1194,40.88006139812148
1750,70.87235058136504
1793,128.31017970811084
1947,32.81693381813655
2438,134.8221117422605
327,37.76557343954759
563,56.16931805283598
615,153.60970169905661
849,40.31754781633174
1263,68.33778362573696
1470,44.40678224023757
1576,47.285121720224915
1732,91.79677053739124
1894,123.96037025432813
2106,68.26483189674691
2246,81.98761200921913
2257,127.2653920237964
2278,147.10439346742436
2494,45.407301588209585
165,51.41555604695189
666,100.06322957315416
775,63.96415501677895
1091,45.35913460351995
1132,116.3398993334483
1182,56.793396200483265
1240,131.53853092685412
1330,62.84444387226277
1654,159.36921839216117
1697,50.14498624207312
1703,125.41941311172076
1800,76.84344003226488
1901,70.8808826655168
2019,140.04227439407492
2428,34.08676996160703
358,77.38298616695519
366,84.21873820977267
843,87.54487175932967
854,133.56928912696614
1286,131.8009388292047
1831,146.6713209944893
1971,63.34556696586197
2036,46.34937590033012
2157,141.8911824128454
179,129.96150940926339
189,53.73193441376232
207,55.76205838948854
489,148.8314811023964
590,39.78981786717493
675,74.29596344139772
862,114.86870185814435
1073,122.93248625383379
1119,75.06213116088102
1180,69.02474517710893
1527,33.44768346310617
1635,134.1607659362687
1649,97.51794064930705
1828,121.9493360014461
1950,82.05768107609478
2149,78.97175080860227
2354,149.68428303846693
2413,64.79073256963206
37,57.008904417553445
383,48.59156957937413
659,30.785436812265342
1310,123.42195751017437
1362,113.65461897596033
1396,125.81316952980612
1624,63.84512627358602
1747,71.67619192583892
2241,69.6857778546858
2267,38.56069160206603
2336,93.01186767032227
2468,33.90754768885733
61,140.56266342560167
127,72.71605101852825
316,33.701686067486584
461,80.80127557476384
502,130.5197071598022
523,135.58741086609672
819,86.39694106607621
937,116.06477887187458
1231,50.75954928054037
1334,88.43970506375182
1913,33.917927194703374
2067,54.09709398427129
88,39.350134975792805
197,52.528350998234735
486,141.16101464699383
531,87.26147739921424
903,86.42802246234643
979,48.08396413798855
993,106.32208082240007
1487,49.59906116615733
1725,57.79399869647647
1949,137.9379089948488
1966,75.96276784306913
318,81.59280685084616
462,53.32536407714942
547,123.03344419065316
1124,116.43810774860538
1216,42.716568527095575
1248,113.63275983813517
1271,54.06175305532452
1696,101.10657218031162
1858,44.76123925296201
2060,107.1136921313909
2275,71.00297496548842
2401,123.745374234017
107,77.38152575523857
202,31.590051720123533
263,121.41976834932669
374,67.26094107323665
564,81.55628201298688
619,48.43913218681681
891,48.467644010812855
1108,110.48333960427792
1158,85.950672634024
1641,34.499504506439955
1736,39.22931028878555
2004,53.73020671341641
2279,83.63855298808886
9,81.6742695904106
17,131.65987891080385
231,103.76154078086081
552,104.62927234716662
1123,112.00104146388904
1219,74.63532548976046
1406,24.237578768535297
1520,145.9050129960857
1597,78.27169427815606
1991,70.83894479396162
2141,112.56854823768967
2403,62.88002437558273
2473,44.58698617810891
324,111.75079806700505
586,60.235796663144214
609,117.01995063299688
1164,39.154138824482956
1329,97.21473959187918
1351,73.25790140292112
1706,60.60424291090049
1720,36.14450393311214
1967,86.86698243458525
2164,58.126655675076236
2305,39.764665394556836
72,78.35146470419957
286,83.02842687886262
398,76.01338201616488
505,59.12600713059797
538,83.25859639545362
1293,112.22245121895212
1403,36.93346153195533
1600,58.5902191062543
1778,63.74847690378994
2048,23.150856223366073
2078,142.7863370061141
2087,74.34704534055273
2107,127.76473300862143
2244,65.7598472420024
2269,42.41630784678281
1017,140.3007369004201
1211,143.39236878983772
1509,83.9141169145546
1969,152.67155981359812
2089,57.482120502366065
2205,67.19335542342397
2211,82.46832533438793
175,82.9662304600896
387,114.15951778671293
423,121.07592604100273
695,70.34361303125344
746,35.51906783919946
1057,42.40204865432122
1159,118.06057038238781
1698,127.00814908901873
1865,98.42964653576375
1982,83.19681197150582
2029,135.9174209342302
2271,80.26413106823559
381,69.62340790180703
498,98.77624981080739
721,135.25155379847695
850,30.31103650532106
1118,81.17818575180263
1121,68.34971118013237
1161,76.73734491652121
1850,93.19545442781772
2206,53.99533410583913
2490,117.30791759536943
35,43.27836200894579
503,139.32487470848483
583,111.35841098160098
594,46.423267472894416
610,98.47550675096225
614,28.438046671431664
761,48.73584344979013
880,135.2135411940015
1072,47.76175846975388
1369,106.99002034850636
1519,78.50760384266714
1589,54.69842619735112
1815,113.14083186387786
1881,114.39885752538888
2080,99.80755133198981
2324,83.2995458138266
2444,49.971364740472815
2445,75.58703933145392
677,87.21401873057435
739,38.34073011920061
1059,40.40696431959564
1142,62.457908023993774
1379,125.50157554366645
1384,54.64289826668869
1386,41.905455314562616
1536,56.41481434885776
1932,74.19612370629724
2298,75.12356888348137
2304,83.46239378940676
2356,120.1314565872895
310,46.11639156781814
485,69.8027015475326
568,92.94279825657622
698,67.16303352001898
742,93.58369730416617
838,81.68776105569357
870,148.31975305844068
900,121.81026191391499
1377,103.02983902766258
1513,136.7036952569346
1539,75.31434028602669
1814,90.78665998114165
2099,148.33518617722987
2273,127.27681122039529
2297,64.71558984686531
2442,126.73519926227713
196,29.11857821823097
437,83.21237373146319
456,112.56829697856075
829,36.25235320787576
834,92.88639338041081
1154,50.24244765637769
1272,51.83106047241085
1438,113.32115600329165
1451,52.75890460638264
1789,82.336474448309
1945,70.74619863554531
1957,35.277073959893634
2135,106.89388178358497
2202,142.06964847363855
2369,75.55015186696457
2469,71.16090933750104
217,48.09130720558922
290,123.51538004538169
441,68.05809097118585
733,54.10908761829065
800,83.22217601551041
884,76.35356682163797
948,106.0145799774564
986,140.7481381017958
1560,135.9792341323098
1643,33.59589318076197
1657,107.00058456395048
1735,43.979314744877826
1833,149.37046084879168
2171,141.7300078243415
2174,148.65013286762826
2338,39.21426452132636
229,34.25933496760253
307,72.50076599326405
326,52.63596274749747
537,53.876559067916794
766,80.27117490053017
823,88.12462689865787
960,45.67804025447793
1037,122.77433822705365
1096,139.93207916986788
1545,73.15153230306115
1727,143.54377072418038
2081,128.57844980569908
114,49.84654793006807
173,68.5948263899836
220,117.80649653012271
278,28.484891581004533
301,117.2771630241824
494,73.99204940097943
669,115.328214221491
713,69.65993391520854
810,82.69042768955862
813,52.69789232140062
890,34.043568596201965
1036,58.0423451984291
1205,54.50683487869253
1737,162.6930357034746
2111,70.95732256507097
2402,123.18256839495392
2495,38.26359966044934
4,115.2207354961295
55,48.65911128333891
59,87.53637991989693
445,40.12376218898509
684,65.00595930900532
1318,62.97257599574372
1340,134.72876372622719
1540,55.162097158029354
1575,69.68144399305707
1669,130.85143678548278
1779,148.45728305518898
2046,138.0337700437195
2204,129.12044024375115
8,71.9646003804807
100,54.68641704834421
241,82.44222162267629
449,71.4961674232651
450,137.45112973190433
495,103.18201119587263
717,118.11728544268705
757,28.129457637396136
930,108.99846453964827
2159,134.1192620291781
2299,111.05324083071491
2424,128.0239484370163
161,133.29078207339072
555,64.74832962027563
687,68.34761842643815
987,26.39633038900908
1066,45.81274972506452
1256,135.3239329220567
1279,104.29419168215195
1385,91.40713520205627
1397,38.22608096401707
1943,135.9321260522404
1989,44.55270175309578
1996,134.21606749784468
2030,94.47606217558955
2163,69.12838010084388
23,56.5115886738793
39,75.38095754001415
679,36.39203525875358
719,72.45536907288708
922,51.93146399962018
981,91.45631073659337
1015,85.1299566621428
1022,86.0746933932684
1060,141.26120776072977
1169,34.34018851704991
1254,112.93323925868584
1315,87.24088030575263
1685,106.79967735271565
2440,91.27129013769056
49,149.0971082279313
176,86.718532076223
380,52.12071416409949
520,59.512445025291925
629,118.7924764831777
672,108.30108652854949
736,41.90876588137679
791,26.24238607856565
1041,125.8217416296766
1075,123.57809380162705
1076,134.0587061408166
1111,71.09148404709946
1116,42.18188046675065
1287,112.40514341633832
1462,43.08868988040843
1614,36.75037775825839
1677,86.76521204934794
1717,90.41618105749119
1754,141.31592052599706
1868,137.74144106196482
2315,123.36273798728429
7,101.06105102213039
162,134.6490531487738
514,134.3443482471475
549,59.15257318694617
637,95.28371288084226
877,74.55404844472453
1431,48.46242143684614
1432,147.18969079796818
1494,120.24083439694739
2034,141.52261592916017
2272,54.69326248927111
2436,59.07369492915242
130,47.989773650385786
238,61.576142478371345
244,51.972394063179316
446,139.9123127656255
624,47.41857793770316
648,70.02268087348652
958,160.91704066742318
1365,98.72347761532541
1498,49.39321424866697
1662,78.58607145046129
1795,121.4061393026828
2070,96.50908674421743
2136,118.37466839121937
2357,148.68569856935488
84,59.12624080633313
136,120.44455096555112
453,63.78285489131002
720,107.85283171862476
856,133.3323828585519
1000,43.2479484378626
1358,121.55270249418858
1422,108.93989387404089
1531,135.2424427081342
1549,81.9557589570755
1601,86.24672476155092
1849,62.35563512845567
2104,34.04972434344064
2199,51.61912899953403
2214,92.50734707611275
247,112.96680124862405
314,59.81758737487091
627,53.17995014110339
664,70.0959576559991
691,109.62664049194095
728,56.95027701461683
824,77.78620138970336
1236,80.58740973662547
1661,37.04772491939266
1810,45.13567841003966
1914,58.66242202030999
1998,80.8996035246134
2053,74.33744013320253
2083,114.54826216747652
2097,97.50318154637436
2147,62.91553431199607
2277,66.29852163783072
2399,67.49516061938586
87,83.30672226118827
565,110.5707357173774
649,76.12890888639522
1233,63.5143758101323
1374,125.71730321259349
1495,145.13075026735297
1594,83.16391282747091
1596,120.85241572577243
1716,108.77576994736054
1757,44.85857517147298
1845,80.3370525875006
171,81.99797205522884
273,134.05023562163336
343,117.68018819515018
434,57.932085813587584
439,119.38404141372392
443,58.192641761478534
585,52.74961657842628
956,72.7015967524538
1195,75.12478167952808
1229,157.42863152331182
1305,120.54878328575649
1620,47.61391475910475
1673,44.921768497252266
1837,29.69557453035555
2188,79.33093297339053
2429,53.47451699191747
51,55.25485080738503
194,65.94529980700449
277,43.33348543733784
331,73.86242959600735
428,118.31446492955719
465,121.97419782345847
794,77.4357543333632
957,24.09357578202269
994,40.933787141885034
1381,117.86543532120831
1555,92.49707951325776
1963,158.56138349093757
2119,52.32490945813386
2187,128.41287602371963
2262,118.05968508935251
2333,60.30713769124637
391,69.61636192088085
438,137.57231774773834
532,62.104815774001
706,80.04534270189784
821,101.05214133221587
1297,24.056344717671035
1313,96.08860106276938
1388,90.04767991640767
1598,130.67553474641466
1619,147.7479133017721
1790,42.44175370253894
1840,114.9605799224911
1887,30.94711391068287
2434,69.17702575519976
69,59.09276090183358
129,123.86979026859099
166,98.39755642399079
448,30.25633246374132
467,125.82643041553015
928,29.333085599893902
1200,138.1547041434967
1234,142.91616615023992
1412,133.81811609220398
1463,53.893659547116016
1872,36.401419725296435
1910,86.2449565211296
2068,73.15002651097339
2077,115.18256091947987
97,55.2889980153447
400,52.177464742500625
543,29.962256354974603
1001,117.64588810876309
1020,47.00278918163136
1230,130.64785203746763
1261,46.8205724231533
1317,107.580920578106
1742,25.59174398528368
1876,46.412937603602515
2143,51.038606950665304
2194,136.33390085465365
2258,133.87582826617586
2345,56.079651492329695
2394,113.96142798075341
524,73.51238957493425
533,68.7894433588639
661,115.80133048078208
693,144.59025207366682
1006,54.69177391159083
1134,82.7118921344097
1607,82.62785074983508
1690,53.188199653130006
1695,40.78337172085199
1746,134.93990035612103
1791,109.56340791794831
1965,42.0029330657234
2328,59.43784274777366
2480,103.80046555375291
234,79.84418997080454
239,121.76651145598889
264,65.25759107253978
312,133.19095690101338
389,148.22314071437344
869,39.90993106884099
1058,76.19725433619979
1081,134.7397477620143
1209,112.88599547005825
1347,35.18743902561296
1356,117.44039152103171
1581,76.93301070946907
1714,102.21215198563036
1905,78.48637874318972
1985,79.0338066660269
2020,127.47178679973486
2358,115.09182307371356
63,82.56808781434164
635,79.37408794247257
885,103.08246902096553
1638,105.79889680103145
1724,136.1539526571425
1898,85.03476145583863
1960,80.94264053346556
395,120.81055827436172
403,23.92224253271061
779,47.91524148649264
982,35.42886479731881
1104,148.96895263402234
1609,66.22423361564623
1738,130.7636666741293
1926,128.00974286522356
2498,44.9902410722975
459,111.74988784408215
509,118.76539396641445
907,45.931068568587705
1094,86.63548301533308
1625,122.38058014907516
1780,149.35049662991267
2129,73.5923641362545
2172,39.74338050973812
2350,79.04756858242935
10,102.77055805103969
77,98.58295820350527
102,33.36784130612156
361,80.27061473358305
589,123.20834174782283
814,52.68319762207421
848,66.00939152973125
1007,60.70741526679585
1098,108.76611915798611
1346,85.7554841152745
1401,66.99188531309585
1443,61.519087034501595
1459,57.94850331468098
1647,122.54952488920867
1755,107.35097673501782
1825,94.92331905854904
1921,43.62125775977298
1970,61.63259643813121
2120,117.4271479208049
2167,75.56278426681507
2226,83.14349182725282
2230,58.871899268788404
658,86.425450903966
1354,71.81833540285253
1502,156.01734891284917
1765,92.9259462730609
2229,66.59089026097556
2397,38.253102571417195
50,123.55572117178238
518,85.40453320056703
750,86.65986506509681
771,79.64087517504127
951,35.03977541734984
1214,132.6999784256833
1414,123.54770526162088
1660,50.353005196874896
2395,96.94670898597055
2431,136.90561489473882
2482,41.966327916916434
267,83.70749106553187
293,142.83351613693577
404,143.55062850130912
527,34.5566254775671
817,94.09203493163078
1102,41.495587307628384
1343,81.4842431821102
1639,147.03870822590756
2012,77.01602003169256
2290,130.1307585936557
2462,55.659987101485676
45,89.70210897202662
569,136.94951166074443
769,66.95789691679212
793,46.5019466503971
938,40.6365621119119
977,106.74275408858348
1333,56.334383559228925
1442,27.072099304732763
1611,64.21125784521158
1704,150.11075016905673
1715,69.36327385943538
2091,95.54860678552106
2309,100.43064378052368
216,65.75869018662576
759,71.74492320115145
812,85.49417989841353
952,76.74294010579595
1039,56.623639047234526
1110,43.23713225638154
1320,49.01134248930908
1667,99.07464896422829
38,122.43499029028857
261,83.03740654322647
320,69.6382303637189
418,44.49539115360754
946,52.46770073267179
1325,147.76451045047105
1405,90.63774492982262
1447,110.41280489565682
1655,69.24477955279708
1809,144.6663906486833
1864,94.84145536267711
1918,21.205068057528603
82,43.29608695072889
181,34.322624506829975
249,53.36408197849717
364,138.2740531398999
510,110.48958007242227
1671,144.84656851851182
1760,112.7090987423759
2251,36.80431766619386
2311,136.4432517061022
2378,55.288070987319166
2452,60.48756118455068
167,77.69844392510406
288,88.91185739546914
394,85.0858203587512
576,35.745860323232925
703,60.19348642116768
945,31.683771681099245
1049,144.18868486098364
1705,30.558078177937844
1893,96.99344640320004
2055,133.6399901923011
80,58.507615969325414
240,140.47423188453183
289,121.47227680880327
356,50.284180677184075
889,77.93010138414058
1389,129.50942306492706
1528,118.6420492271054
1916,161.80990647232838
1987,126.43734283080948
25,115.64052715703252
73,103.7765084914419
245,80.68323868731879
427,70.52115094842453
591,41.01619862210667
763,103.80296311990244
816,116.826371594026
1147,111.89552703874016
1484,91.79551436357536
1923,132.60531749172497
2112,44.381592815151244
2114,79.79428818106813
2254,64.82993915439401
2270,67.45156057903249
2316,49.64550414453162
113,85.01756541579698
237,74.1413719202313
895,161.5001918356474
1126,31.96683448363757
1368,135.99409753925494
1421,116.0483967439864
1492,90.97354879583612
1543,117.1776606457601
1556,120.02808214550699
1941,58.99053366524348
2033,111.95938201850592
2321,73.01536215565173
645,51.3287243955036
795,70.19525598116172
1213,29.712312636698716
1419,73.66400378345581
24,38.74860139651864
160,39.94387887200756
818,51.16440261674969
893,52.78889620290434
1071,49.01086767852284
1078,47.9195816362714
1103,163.75266164627283
1501,93.06516541184985
1558,74.19961802499304
70,33.41808399293863
408,114.89993508058976
921,80.40582139930481
1003,92.76235613441658
1454,93.82498508115977
1479,90.82737727840545
1709,84.34690634968631
1897,131.08633892753443
2234,27.95574923696405
2260,134.52051095348992
62,74.17998651599399
121,61.23111785253473
125,148.89768659847257
396,114.31211081088998
730,112.7422663572105
1453,62.398478876559246
1799,43.563055393608174
1907,36.22385066846856
1912,137.96578583803202
2075,52.87260421325931
156,97.28000055788928
351,38.72055341737509
480,155.11814747514092
1592,37.20989365251202
1666,51.296700642438154
1853,77.34158210603564
2050,56.57693784998972
143,121.495629849217
219,80.71687346184818
697,111.61995699054911
967,23.127176980208485
1083,138.66508496933199
1099,57.70044210907176
1336,156.11305496683758
1610,53.149684574605494
1679,31.965158794846065
2207,43.41741845465376
2408,146.99001869441048
95,42.64281892675646
411,81.46738668101031
477,26.61514718730732
482,97.47813044447133
740,94.24478762108431
968,27.611369670911213
1423,59.51901256654819
1687,78.07803959041664
1740,76.49961444887924
1784,51.155429455631754
2009,104.74891170610938
2123,23.14302593952077
2133,118.94531104559884
2145,69.64092935922247
2217,41.111635440693505
2359,36.625515415656636
29,122.6773063807222
226,89.80316077766213
390,76.42502365453973
651,63.546787862601825
741,87.22059761528298
789,57.997567765927336
1038,42.98779770889484
1439,110.70431634831796
1570,67.73813563487566
2139,27.574239640255783
2165,88.32257247423298
2453,38.859014453034156
464,60.791609236243424
526,39.27368126336068
528,70.39899938320313
558,38.83386912282367
1221,83.15518129613632
1289,86.21015820140913
2125,89.95715232097933
2291,76.6984966019043
21,116.62982729669602
214,96.6770896432659
653,105.35938524950771
710,50.01007485859503
1177,28.755270064925856
1393,45.23757058837111
1409,146.61544905831732
1514,81.05928627192652
1523,164.96985113483913
1578,114.49250161696378
1587,43.84523278674654
1801,86.95548733077631
2074,35.506585739154886
2201,123.95248117587825
323,45.75488840009259
550,51.76790507614482
1079,121.72589579876522
1153,87.25248746336233
1283,86.35162415889197
1327,31.627819014149022
1345,101.76620539599334
1465,41.08019015508462
1548,133.21870304100756
1552,135.84435133556184
1648,106.25062167478592
1911,51.824758659082455
2116,75.66462132009575
2250,114.88885872327872
335,71.9020069746059
338,85.95386030802133
352,70.47575431846637
492,38.748652261326356
798,157.83475043670998
866,115.86549387497034
941,42.29738237961772
1179,29.887691554909388
1239,52.08847623097396
1337,98.68548036471222
2178,67.62922734861479
2300,109.78989436822687
2426,35.92275271864134
2449,40.864293681380104
98,68.04214316881821
195,82.00781334438744
256,70.97051199345664
678,66.13848581551076
714,113.00617383859384
911,74.36432383929753
933,55.71890454920203
1042,35.71551770595415
1131,77.25454194616314
1140,65.67745477667073
1185,97.64976715684502
1257,102.05745004231487
1308,110.82161011843145
1348,78.91287227019748
1364,54.676091937977425
1450,89.32082726042205
1602,30.582180835160933
1604,141.56844938711401
1936,150.12385403394848
2016,89.93532796044506
2100,46.330227517547804
2274,70.51509170028402
2330,51.96277345472672
287,117.8434322580816
345,83.09579356698663
490,86.68056697082629
595,42.21744161229027
1168,98.25395997610197
1188,59.81938191002933
1524,133.60160309282216
1792,43.03347017552029
1832,116.930922548966
2130,25.442691658433215
2285,66.3874619586596
2435,86.48827804957077
752,49.556161978923036
767,92.60607611259933
790,50.087942227192464
828,36.56034956027797
1173,131.5197374178077
1593,122.91328094444022
1631,142.0823301166218
1637,33.70323686596983
1767,129.9425813848112
1782,67.18132294115165
1920,132.17973505596066
2216,57.757084978849306
2314,40.163008485294434
2327,73.60910612376072
2472,34.25231789890774
809,123.30348094384155
863,40.538749090692974
990,69.24095638731741
1053,66.38708893809182
1150,79.5995754505121
1203,128.15854306695346
1284,116.90413971280557
1319,41.55573739052764
1562,87.68754395312764
1712,58.8678883603075
1844,60.85364891611477
1995,34.587099719555304
2132,121.86484929308553
2352,47.121233812651376
2389,48.559089875568404
32,65.15833624900348
60,132.22951658373907
90,81.0712956941512
371,124.21047533539897
622,61.066977688598996
1014,100.1841488585688
1115,111.75284667616222
1931,68.27054904824001
1937,69.24263217487717
2098,41.22747322237725
2152,86.14328446640314
2450,106.53951800978258
75,77.95866140384386
382,71.49193358733542
469,71.13040885356708
621,108.36667599400664
630,79.55345080262768
786,39.68568673685488
1027,69.30266744356659
1282,75.04056978125698
1919,80.00251617677081
2088,85.11937023864287
2195,108.80824108477435
2441,49.05991231720647
2491,83.93998732197535
203,74.93400185111025
221,156.81750637923406
265,86.45277238659057
457,124.5196909821671
640,31.14242360719331
662,46.02607457948255
782,55.83182079593486
835,105.4928000456822
1237,89.47892068160398
1515,44.39096208679294
1668,101.78216410568953
1895,47.07226780470778
1906,56.28192774359362
2317,89.37911532199935
2421,61.98014810241589
2460,75.62791236601751
141,137.50885067010267
151,44.796447257683404
341,84.96014481976405
414,135.3820776557282
433,82.49752305686192
608,121.20137296834137
712,68.86173401348887
724,77.82830944702187
859,56.746108697117535
899,142.18703320485477
1471,92.9442301899387
1532,63.638126491780994
1579,42.49362396268519
1915,111.20166379064135
2061,41.07496667727836
2154,72.2744647726832
2160,67.1859875151947
2432,58.63119787923479
334,123.11226718098052
592,119.7511372471248
751,92.47922792872916
801,54.54616269738449
943,128.29018887208042
953,68.69018700528878
978,86.81009354719858
1023,76.53639203607793
1043,76.47822018876612
1440,91.11872667259249
1547,53.95834395714403
1577,39.23025136090704
1909,93.05173018448203
145,59.53162406298413
200,131.16132464027126
272,154.13220003537157
376,56.20423519482965
488,87.14535371196993
515,150.50013834758286
680,155.64004914360925
735,102.9724362400883
1383,40.66356746614379
1511,58.61203558477995
1622,57.92845320971687
1707,121.69956460300429
2043,119.00599874202405
2372,75.55510649923382
56,84.05108407223999
109,122.8135687308762
254,156.33688390064484
378,53.63963971010252
487,60.68725579249943
639,77.85587292537993
940,142.7555086633684
1040,68.66864609988735
1617,43.97254650678978
1726,34.38621985675342
1883,103.47380176395791
1980,60.69287587624441
2093,131.5985979185571
2283,143.40495070556662
213,90.71701403293285
228,59.983568649853815
478,135.91034753483504
534,65.77783612911595
655,47.03709458229148
997,48.74547430302893
1149,67.35176416739051
1446,84.45160386327761
1585,90.19365660308691
1623,114.32460940190889
1686,74.26702036725698
1854,43.972105983306434
2233,83.89391909830891
2253,126.52744915375075
2427,71.48834653270674
303,125.72843810808136
426,56.54305346585669
574,79.73523378190829
718,74.61078468672082
749,145.7796287718546
1105,128.58210854802164
1120,43.52143991316238
1281,128.41150931953052
1408,138.44810260182928
1474,16.47744924518663
1554,151.03863066695493
1842,123.16401415174788
2390,123.63414255301203
170,61.29099379132071
354,33.14061091050696
702,37.694226093309894
708,47.532363094188085
807,97.34161026317128
1162,50.6809981974816
1196,49.7919298139521
1268,43.34832201179685
1544,38.52989112339671
1953,120.1148776606254
2367,116.03692840585462
2373,47.91364817395826
304,133.27512285851722
536,76.99473146426797
611,110.70724732556846
612,69.46639299663428
668,126.26308504459595
783,39.67048085096011
1758,58.17548182978108
1813,121.65864145524202
1830,89.13337527848023
2146,115.95180355707538
105,57.78477375565548
298,118.13496639761573
370,66.0853892324024
753,140.6954946461014
865,71.57437509259044
913,94.1750337363062
1553,31.547311982986937
1744,29.85578911129083
2103,64.64732399213881
2151,117.27338088648918
2280,26.475891534042336
2430,61.76149252034664
58,68.88290318792109
188,95.4479999998783
726,80.5839619859895
837,84.15751026128426
1370,69.29965407010604
1573,37.420995547586124
1880,55.69558976358662
2126,34.441063762118056
2293,32.70865551637033
2332,61.65307367016724
2347,112.7693264045911
2400,128.4057733108447
11,67.30535713840213
33,130.97012158989244
204,98.01542727924048
421,88.70428676778968
575,119.06710090224144
781,77.8027593966911
872,128.61130416828777
888,73.91731534455273
1024,47.016113725408715
1152,106.85410852415256
1482,82.20631662323744
1794,52.242124497436485
1852,38.45014565821975
1859,28.07647277353005
2058,92.4239002247157
2121,90.09085465590569
83,61.88628596625975
110,31.46730344461449
150,113.66340575590407
369,56.47458349620551
413,47.70890910336195
508,89.55239806614959
541,79.13935439230066
825,97.92174917495258
1033,70.17996822592258
1129,138.6850378895595
1821,69.39991545856259
1860,42.38055274976153
2039,83.27655524723197
68,71.36659567437728
71,32.940865882868835
106,139.71812294848579
260,66.99944870645123
567,41.87091836344544
1472,42.51050239356796
1730,53.18655300984244
2001,79.13193192682917
2221,37.02160016410724
2307,146.71644748685162
2360,107.0579618571504
2459,39.89422797081883
2474,30.990314341460095
525,54.73868214236741
561,87.85778911071937
1241,39.078635909003964
2028,121.14742519104631
2353,146.52003839574212
2379,36.16399333234092
2486,73.77097114946737
116,41.26025370973873
147,88.85823576563041
910,39.18413633943837
1080,125.07953915393054
1224,62.3738391994247
1797,79.51382847871311
1972,103.377658745173
2024,50.41219355777421
2263,128.6861996705015
14,54.67137322414436
198,64.57375665730676
317,58.05059162737857
546,63.67721174833752
600,136.43212797084712
638,82.2712414381673
805,50.013373928301796
1228,142.62438248596752
1430,100.94273027778428
1672,52.985690213105904
1680,53.57571939451168
2084,84.3163414956011
2101,53.66355835988598
2478,46.4053845340253
344,33.56791272735407
349,50.56354867439335
424,78.70398675198534
657,105.73822706443595
975,57.26035292878116
1184,112.65802629466009
1285,62.077132586741534
1658,71.16327540451037
1693,120.00839362815458
1728,156.4444575443507
2264,87.62555451764618
2303,111.93898301324364
2388,139.1960107101461
123,75.870478390174
342,127.28227675709384
373,83.46012132805797
379,65.75102686554966
454,150.6933347851434
832,40.92715992656498
965,134.39140572102224
971,72.28335531257208
1018,132.5367778141372
1264,93.65891004425337
1448,135.19926600069186
1629,37.01755243909584
1678,43.91651502377583
1753,92.31781379953307
1958,96.54737905936574
1992,116.08236982358015
2179,74.05577042723601
2411,59.20278724967097
2476,33.683630041910924
158,43.58402975808376
199,104.8801962931428
242,93.54233401706847
270,44.793611860992996
284,52.139876665059
690,43.410286784099966
1086,48.89494932843989
1563,38.0704458081839
1684,57.49344274658839
1983,54.47044046951855
2049,52.00135490261609
2065,122.82078963457343
2222,63.96669848700118
2416,124.20506526271426
135,88.08386047261446
248,86.86495407738926
499,83.41519452277176
522,40.29238697054473
902,66.41983259932273
1095,82.25412790709203
1106,78.5873231185197
1567,134.6306631814527
1606,50.47604140234519
1788,90.82332355790014
2319,36.57737515014674
42,65.5559297559252
119,70.33549902283389
337,122.06441875804397
466,151.8981154262864
506,74.98490263678397
566,50.72230597686733
909,154.9205625712645
1141,54.045712414186646
1312,64.09789543378338
1433,70.05154218183327
1437,53.214208881693004
1566,45.621050788734486
1954,144.11168302763824
2005,95.35549896966965
2124,135.4503201912728
2308,87.81562999713815
2334,59.515845117410045
2415,60.69597543630375
2493,136.27641440754917
2,117.0376564084763
79,140.31169305624633
201,151.4334905091422
765,31.84069525488796
778,60.44968286027472
803,130.37363655029026
892,77.22468691382547
1262,142.08735227133198
1328,136.43178051877626
1572,60.33922207682747
1817,142.55486286341505
2162,80.18650392472281
2266,75.83080581221195
131,121.26234489476354
149,123.87449640736953
276,67.87614640095575
962,70.47749739500898
1070,136.1312342161813
1761,99.33725938824236
1935,73.14823260291126
1984,39.584100592536814
2166,44.181336107761744
2302,134.13469781821507
2419,54.785162936810686
365,69.88593603063487
773,117.94428181678128
820,147.71963804848707
999,61.96100586686807
1092,70.85269539997486
1316,47.12985205061738
1557,37.68325938879507
1691,49.600832721034074
1763,97.87753879353384
1839,134.47434900765455
2115,58.6058250491721
294,140.3931957861795
357,74.45901506285419
529,36.76408840154836
905,51.27594345169988
1004,69.53748311775955
1187,28.36570720879994
1612,52.504885120871585
1819,76.97397888667818
1964,105.16261268190937
2000,85.64800319506537
2144,37.34134469080684
2276,139.39836568687033
118,79.97412473090259
573,112.01542943421637
722,150.6721632419989
1112,58.912539174751615
1373,109.35091712038678
1390,103.67654842062493
1449,26.140675929130502
1503,67.03913956701038
1508,69.51209162165432
1571,107.00875179312185
1652,126.02107578961966
1885,38.013689151780085
1981,38.700115131842
2010,69.56134450528398
2348,109.30083931433552
124,45.51555049851821
281,57.34706893728227
571,21.349056923953192
1011,132.53877823864545
1193,71.43532699392429
1366,129.70160493947947
1428,77.50109491329832
1986,128.30332576067252
2073,122.19220610709716
2137,19.915749027760672
1402,135.5433601988775
1879,147.97602811734785
2406,108.32616910025344
2461,142.8536954279742
30,71.02493653936602
99,115.80761043142893
942,52.609398639617254
985,27.081312974957072
1702,142.9359329895956
1805,73.32609762897648
2011,105.0720514741837
2243,75.38560406115603
184,84.2394955306831
302,39.59577723258363
313,145.899210355003
652,42.60975369525286
815,120.62686247072641
901,88.41385718566013
1090,104.81742602689697
1202,72.08877358079388
1371,83.99369051564966
1445,129.1679378870787
1836,54.731667100510556
2361,79.12593814706645
2446,41.3897512082393
66,39.76477470674226
405,121.51827455929872
557,64.61188912812014
682,54.873069085788686
700,96.23829819666508
915,146.80507337520294
1012,48.601434087021154
1568,106.03834681144752
1764,83.64509305238778
2465,66.33736875253648
46,105.27220156289907
67,51.718782977279055
186,51.16706768559577
275,84.41196335059973
282,69.27278277426565
605,38.092567267118525
802,66.85444527850547
1101,81.58011291224673
1376,93.67671626433417
1976,127.14604692970028
2325,68.509774293309
2341,49.26938169721922
311,50.946068461194265
535,54.02730291436511
873,82.65353598480591
894,31.202932053715536
1534,99.26560815844628
1851,47.636682179326144
1870,113.50757983665162
1940,164.03775878059807
2008,100.54925234102758
2248,52.83743124398743
616,81.77897807585713
628,128.74966506599375
632,73.54555882773
681,114.34886520378129
964,67.73195900387054
1392,102.62593872183018
1526,114.07779194424992
1535,25.981548088769205
2017,47.30773087257784
2063,73.46969289127615
2382,65.34544212032448
2423,121.48170874386003
2448,91.2222517971642
2456,85.87298243346352
174,135.51580933716718
215,69.0072709003007
410,70.85148805307942
996,52.71649371692598
1178,115.45763686004754
1309,47.658506881911
1338,150.48737810047942
1481,130.28785236712437
1584,124.21323930922826
1674,71.37658797815344
2186,45.63772438849648
2287,78.53245646543581
2362,52.10616067093185
172,52.158190996637586
562,17.020861755627458
716,138.9306463430706
864,45.949073198441056
1054,117.53492368563515
1429,115.9867702738476
1776,69.78237835065751
1891,145.40401750364566
1948,94.08889888271725
1999,139.170694401124
2215,81.62690886212842
2282,44.79882687050472
2381,79.88929507908165
252,42.65846557076474
399,117.27581232867391
551,149.0796845975888
1063,137.86441929973077
1067,73.00651714573097
1411,47.231926748205204
1630,74.29086491521241
1676,89.7668443709925
1862,39.400730328304846
2175,56.494886345604584
2289,108.16878144721603
2340,58.7650428472697
2500,74.3976504827548
144,26.921904425921767
153,129.07046850966185
420,68.51641350964162
705,102.9144843237109
785,34.09138877600266
851,21.373356249388856
1013,123.01405796927776
1109,72.01682979144664
1278,123.7943073423316
1640,47.376800260347224
1710,24.23067629489311
1962,69.78803010499583
2295,50.400024043454614
670,129.33348659268268
745,133.0245106272899
927,65.39680041517565
949,88.54128105389438
1174,58.3502718526875
1734,119.15998836063658
1867,51.30043948531341
2002,64.67422185731454
2301,114.39373620982403
18,123.93528398902329
475,71.66012837265198
947,24.089380735891474
1044,125.30728069183884
1246,141.85082202257664
1292,98.82054329766414
1361,97.62080958959913
1719,140.72327803692733
1741,76.841743171067
1762,141.2857408267338
1768,56.23683266109079
1900,123.20971264351441
1929,60.0055107798664
2066,101.7439784379291
2117,57.764340999246116
2425,162.32426922065213
74,85.41374069109672
138,141.63630860796985
755,53.68227464576481
934,27.534592468473306
1097,134.6986139113654
1117,86.64940119427627
1204,122.26448905187868
1258,84.79477642021573
1424,110.09816385869274
1713,65.1785863890166
1928,85.00182833630909
2095,51.47412026298348
2377,84.71601879325918
104,116.32429000786146
180,129.96663928588885
468,58.61842722995467
483,54.28385180449206
643,85.89339986118182
656,68.75747601363382
917,128.32015585928713
932,56.2024464488607
1416,142.99464478114913
1803,141.37773313419285
2118,74.18328672831971
2140,67.55441326540753
2265,38.33681078537338
134,125.22207335031936
584,113.5675350661014
841,74.04290992319387
878,32.776734546366484
991,48.82426870558825
1857,66.68621694629269
1933,94.57541633908309
2110,50.52624358950455
2182,132.60116785142918
2417,119.55865173691227
407,92.7496706621034
521,85.70397408664222
788,46.854894554037365
2184,70.01249367894593
617,49.70766153776058
701,69.90054777998651
963,90.53468472845728
1009,36.88459083990811
1107,134.26561800048245
1387,51.94355292942357
2021,48.3895719919321
36,65.52684708658961
187,83.09689170681719
208,120.78356978131559
315,47.812178512601854
393,122.28217275024012
954,112.7424059419848
1217,50.152284839167265
1277,37.99546249950687
1359,54.59125029513752
1656,102.86110335724563
1882,71.86558659825351
1993,63.1598041240714
2057,37.601423724878224
2086,84.7256606554231
2208,135.5501637942927
2370,92.49936031975385
2454,56.10072209055794
89,85.6527010493753
401,47.205738088428575
422,84.6521547546228
517,79.2372756447153
1138,93.11818415519261
1413,87.57597502882244
1476,72.0114073659186
2310,78.09170151407996
2376,52.34126547800595
2457,75.86058270481549
2487,40.62934147305784
