User ID,Name,Total Spending,Purchase Frequency
2372,Keith Bradtke,4042.6866249683776,46
918,Margret Johnston,3618.9738418530774,45
1352,Gaston McCullough,3149.595585477445,39
65,Arne O'Hara,3131.372371170602,37
1066,Norwood Gutmann,3049.7874462096925,37
2138,Priscilla Moore,3075.325418369151,36
155,Trisha Hoeger,2929.345896750932,36
2052,Henriette Gibson,3062.9743601512087,36
1593,Marquis Roob,3839.5687504131824,36
613,Kaden Lakin,3028.2199455126615,35
773,Willis Kuvalis,2426.642457604247,35
2169,Jeffry Schowalter,3296.9894222066123,35
1317,Everett Effertz,3322.5437764767967,35
1585,Danika White,2983.3300886137267,34
1055,Madisen Kunde,2625.1781647161743,34
1660,Tyrell Nikolaus,2661.7056620574617,33
2298,Antoinette Mertz,3149.4089145689377,33
2118,Odell Stehr,3151.2146655473152,33
644,Florida Hackett,2964.950689567797,33
87,Heber Vandervort,2542.3689920747192,33
1109,Mohammed Powlowski,2707.9429682152067,32
1349,London Ryan,2702.5480759693382,32
1828,Sydnie Bode,2890.123003441588,32
531,Dixie Adams,2302.002709755058,32
886,Howell Price,2843.2724555039713,32
74,Jarret Marvin,2325.9116897916765,31
154,Monserrate Schuppe,2225.10940470401,31
800,Ransom Murphy,2472.822765051018,30
1232,Dane Monahan,2528.436676195937,30
2125,Stefanie Barton,2408.463933846548,30
2277,Rachel Gorczany,2633.192062019655,30
671,Hollie Schaefer,2394.1898420196544,30
1160,Patience Heidenreich,2390.250055724774,29
2218,Nicklaus Langosh,3453.876802485722,29
977,Lillian Wiza,2241.4023799753454,29
2028,Janelle O'Hara,2738.674590347251,29
665,Petra Roob,2476.1474083082653,28
151,Khalid McKenzie,2301.529754319496,28
1974,Candelario Blick,2456.9429062048625,28
1240,Clementine Schmitt,2521.234026935536,28
799,Eudora Greenholt,2797.189752932302,28
710,Kali Hodkiewicz,2126.558642231747,28
2275,Sabina Green,2416.451564989447,28
1122,Milford Douglas,2400.417987095323,28
1203,Vella Fadel,1939.5297664132604,28
1537,Jessyca Mayert,2994.231173377336,28
1881,Jalon Brakus,2652.040886686518,28
1556,Araceli Bechtelar,2459.968917119512,28
652,Kitty Kohler,1879.6795097613153,28
1858,Mariah Brown,2774.844528853584,27
1882,Vallie Hamill,2795.276891286366,27
2393,Wilhelm Hintz,1915.5806010785252,27
1390,Marc Macejkovic,2515.9428144838043,27
1087,Shaina Witting,2232.5336708251943,27
1915,Eveline Gibson,2067.0714263157224,27
1602,Abel Russel,1777.9594508794657,27
376,Fanny Gutmann,2482.6811383936333,27
801,Lavon Mante,2456.4979626382965,27
1742,Antwan Schmeler,2464.7524983162807,27
2324,Lysanne Ernser,2517.425311606427,27
1747,Triston Nitzsche,1805.5819847973821,26
1039,Jarred Koch,2453.9460804441424,26
271,Aurore Ryan,2308.18955088375,26
609,Opal Herman,2119.230579750072,26
536,Daisha Boyer,2306.486721913461,26
605,Arturo Marquardt,2362.0840590149796,26
893,Audie Hane,2624.2061633480316,26
1213,Russell Muller,2390.423293678793,26
1844,Shaylee Wisoky,2269.965435550827,26
1073,Aditya Nienow,2141.2613171110593,26
338,Ernie Bogan,1875.3131333322933,26
686,Dortha White,2253.1970983354026,25
658,Amiya Purdy,2024.7349512434707,25
2408,Blake Jast,2110.233814949485,25
150,Henderson Hansen,2458.036881157783,25
822,Morton Funk,2392.1259590614477,25
1328,Randy Blanda,2297.964372641662,25
1724,Delmer Ledner,2910.5115936458396,25
1559,Victoria Weissnat,2185.4910479720124,25
328,Merle Blick,2457.1707401932185,25
1651,Pink Littel,2153.473798800902,25
1945,Kyra Schulist,2116.6515624322547,25
40,Elyssa Wolf,2084.1495169732652,25
356,Meta Koelpin,2115.5762555063225,25
1511,Otis Murazik,2276.9465855301373,25
2224,Jaren Leannon,1898.4040718939518,25
2170,Misty Botsford,1564.5911944685024,25
1807,Pearline Paucek,2113.8835592162027,25
2392,Maud Upton,1964.6045367161105,24
17,Lora Cronin,1739.9807959083253,24
741,Marcelo Ferry,2034.6794975698688,24
1389,Henriette O'Connell,1934.021883765209,24
2453,Rozella Tremblay,2117.233638941992,24
1162,Sherwood Larson,1841.665235036484,24
1908,Jadyn Rice,1852.5565219565917,24
2100,Lila Rosenbaum,2150.800575188054,24
1335,Marilou Schultz,1990.1996024673508,24
2335,Iliana Padberg,2440.5836520122625,24
1243,Nikolas Waelchi,1703.3478363937068,24
1452,Angeline Romaguera,2164.0252224699934,24
1126,Harrison Ortiz,1905.6408094873054,24
68,Colton Hauck,1764.6997090930618,24
1674,Erwin Wilderman,2051.281586777234,24
1706,Marley Cronin,2101.4661252037376,24
2194,Walter Mueller,1847.4388674914085,23
713,Waldo Bartell,1821.2370875188885,23
913,Destiney Ortiz,2175.884298310151,23
2364,Margarete Tillman,2118.4510395462767,23
313,Miguel Reynolds,1940.1765201731316,23
2386,Dortha Bradtke,2272.360859864589,23
1636,Sandra Maggio,2627.6616124617412,23
1453,Ted Weber,1510.6435368134557,23
2179,Mohammad Weber,1847.2713381972874,23
1437,Marjolaine Torp,1865.2335328333863,23
2113,Archibald Turner,2136.8037404096676,23
942,Lacy Gleichner,1776.2191043107616,23
706,Ladarius Hyatt,1876.3001695374417,23
138,Unique Runolfsson,1672.4688143464007,23
1571,Selina Dach,2331.727295144648,23
2299,Taya Daniel,2231.297851761567,23
1383,Una Hermann,1923.3104863691726,23
1289,Loy Krajcik,1978.049247096232,22
968,Josiah Schimmel,1809.6880161949475,22
500,Madge Friesen,1901.8926299579073,22
70,Maya Berge,1640.267006665869,22
1760,Isadore Homenick,1801.1968015201435,22
1932,Kenyatta Kshlerin,2200.32887437109,22
700,Ezequiel Turcotte,1887.8798899259702,22
1269,Pat Jast,1874.7523301522442,22
2178,Meggie Blick,2219.783191962504,22
441,Pietro Bogisich,2260.1280227004604,22
1529,Deontae Brown,1938.3547999906034,22
1704,Imani Cruickshank,1623.724982639443,22
2451,Brett Rogahn,2145.5047753118747,22
2135,Mavis Fisher,1751.143926169594,22
488,Terrence Emmerich,1740.3778460788692,22
234,Bertrand Streich,2025.3020891189885,22
1838,Maymie Moen,1628.9891533100079,22
1037,Savanah Will,1812.4455591534838,22
57,Jordy Haag,1809.8389660443283,22
793,Estrella Reichert,1794.8661396716534,22
969,Dell Adams,1934.704183734007,22
1909,Norris Jacobs,1750.0230713328451,22
48,Logan Weber,1622.8437510104905,22
1476,Berneice White,1826.988777058485,22
2175,Bernhard Bailey,2219.7762679905086,21
1563,Bell Waelchi,1970.2631333069664,21
916,Everette Kuphal,2167.469153297518,21
2412,Ashton Beier,1392.2789746719568,21
723,Shany Turcotte,1415.4846758421895,21
1785,Joannie Hudson,1896.815093889131,21
577,Orion Wilkinson,1942.4726947938823,21
2236,Emanuel Schmeler,1787.5366148800658,21
1486,Iva Wuckert,1776.1583542428564,21
1682,Viva Zboncak,1425.9308550988749,21
1874,Christop Schulist,1567.8292450351305,21
2317,Anderson Morissette,1744.645200630444,21
1226,Veronica Stark,2202.5869834907908,21
95,Aurelie Spinka,1719.6007843643465,21
1344,Buddy Hills,1993.012516040654,21
1302,August Wiza,1921.1811110998028,21
1202,Christine Hills,2068.5231848599797,21
2347,Margarita Anderson,2451.3196010206193,21
2150,Marcelina Kuhn,1989.186626021926,21
412,Earnestine Lockman,1592.6039415720818,21
269,Mara Prohaska,1777.2925417322085,21
1061,Jessika Kutch,1933.9841507740061,21
448,Darian Cremin,1786.7157789787288,21
794,Elody Cormier,1760.4710692532003,21
691,Don Bosco,1755.300675226603,21
310,Libby Ledner,1430.5245494052008,21
2123,Nichole Funk,1869.5897762344525,21
1030,Samir Johnson,1680.7989051649513,21
261,Jaden Cole,1625.4027377344644,21
561,Brooks Shields,1826.3643119484877,21
1696,Jacky Jacobs,2160.093880788299,21
236,Doris Spencer,1853.9715150904879,21
962,Theresa Corkery,1469.615187312876,21
1601,Olaf Sipes,1559.440239572622,21
1117,Katharina Heathcote,1861.3241680696424,21
1657,Ivory Ebert,2077.0762644432216,21
604,Carlee Champlin,1610.7754087922794,21
1781,Nia Schoen,2066.921031639196,21
1516,Sydnie Labadie,1948.6602696263285,21
841,Gudrun Blanda,1793.1357460667543,21
864,Gunnar Hilpert,1547.889215524813,21
1764,Billy Harvey,1807.028343471239,20
111,Augustine Runolfsdottir,1521.5709214114322,20
2487,Effie Wolff,1197.9204962895822,20
1673,Dario Goldner,1370.6757542556563,20
1905,Thurman Pouros,1647.640994374253,20
820,Garett Hegmann,1542.6113426060538,20
1354,Melisa Reynolds,1894.7926406508404,20
1637,Cecelia Herzog,1996.3474379109555,20
391,Gilberto Mueller,1679.6999507220225,20
1002,Martin Monahan,1698.4004057165191,20
839,Emelia Tromp,1757.7005551260124,20
1065,Jazmin Rau,1525.6492206744545,20
493,May Kerluke,1668.9396991912745,20
567,Rossie Mann,1644.1543010181822,20
226,Breana Thiel,1551.2588728137198,20
512,Oliver Jacobs,1705.4081790396835,20
1300,Cleo Harber,1834.9930796504673,20
678,Laverne Stanton,1445.5311725421088,20
902,Anjali Parker,1547.5323005622888,20
2462,Dean Anderson,1981.033482231134,20
1654,Braulio Jacobs,1508.1768794587324,20
2036,Shanny Kuvalis,1466.207313893785,20
1272,Lonny Shanahan,1152.626962784502,20
1431,Mireya Sporer,1925.9583721176245,20
1423,Randi Howe,1454.7154005660457,20
1597,Tanya Connelly,1543.8723933103133,20
2200,Richmond Adams,2316.5611622813763,20
2310,Kristian Kuhic,1389.3370884176234,20
1067,Glenda Cassin,1774.667836116914,20
1225,Alayna Beatty,1668.5750373745707,20
1264,Grace Hills,1771.5037643114308,20
1007,Viva Willms,1700.3632906184903,20
2443,Regan Corkery,2013.2753751688567,19
1130,Gideon Fadel,1955.797770649092,19
1370,Emanuel Corwin,1751.9102352039445,19
2034,Brando Yundt,1780.3277969032788,19
265,Larry Weimann,1438.9736192642938,19
1307,Filomena Larson,1655.0553330363964,19
992,Cassidy Watsica,1510.3820871915946,19
1825,Wanda Thiel,1470.6933574515542,19
1084,Tamia Larkin,1490.4014583727117,19
2212,Braden Rempel,1258.4018334603195,19
940,Jude Ward,1805.8169800297876,19
1968,Demetris Tromp,1302.3592046960316,19
1128,Filomena Waelchi,1625.1866683691378,19
2286,Okey Lueilwitz,1520.7600836473778,19
909,Sophie Blanda,1617.1108280652095,19
1745,Elnora Effertz,2040.8409485391805,19
63,Delilah Stoltenberg,1983.9061257366502,19
2037,Ransom Davis,1700.4071959814632,19
931,Maye Rath,1464.726981042852,19
49,Zane Koelpin,1554.5484013654243,19
276,Abbie Ryan,1706.3192238347378,19
153,Lewis Hoppe,1455.166101687321,19
2244,Maxie Rogahn,1353.2066792900812,19
816,Luisa Swaniawski,1651.073636258172,19
223,Frederik Bosco,1733.3775300083394,19
1378,Magdalen Torp,1286.754341711968,19
1294,Santiago Luettgen,1696.2804890853402,19
1997,Jaden Hansen,1325.980108772392,19
149,Madonna Kertzmann,1763.9281279757704,19
1377,Lempi Wyman,1595.0926706708794,19
403,Andy Schmeler,1566.6893229058294,19
1158,Muhammad Waters,1816.9764497064689,19
664,Aidan Hagenes,1381.798104470827,19
1714,Nikko Bartoletti,2037.5295346395549,18
1410,Efren Kshlerin,1611.5923040444052,18
453,Evangeline Reichert,1432.1978163761507,18
173,Howard Gaylord,1551.3359162695756,18
1266,Leta Heidenreich,1537.3965854418113,18
1967,Brandt Erdman,2079.969298586581,18
1280,Jimmie Lang,1286.603726604312,18
526,Tyrique Deckow,1888.6025834334075,18
511,Lemuel Schamberger,1431.5950279290112,18
754,Ellsworth Watsica,1636.2628579642394,18
2463,Domenic Keebler,1003.8948749703984,18
1319,Arnold Krajcik,1819.9683709166552,18
1816,Peggie Aufderhar,1722.3823869472246,18
2038,Mario Wisoky,1537.7192706934622,18
318,Cassandre Daugherty,1332.4362614903946,18
642,Sonny Beahan,1559.0818894748104,18
1304,Brenda Gibson,1739.9893201787618,18
2289,Alanis Kovacek,1321.94005724924,18
1610,Heath Dare,1717.9775516405987,18
399,Leilani Sanford,1424.1000271610683,18
208,Alisha Deckow,1314.9709768062382,18
1459,Jarrett Emard,1403.9500619961168,18
1929,Lucile Gutmann,1699.388741463859,18
1703,Dorris Okuneva,1399.45227551813,18
583,Issac O'Kon,1280.5745590113463,18
1484,Ellsworth West,1277.4812852630555,18
1395,Jude Pacocha,1554.2389762351443,18
1164,Annetta Zulauf,1324.6952314653363,18
1228,Joe Becker,1778.5445264905086,18
1752,Alaina Howell,1736.6615193218383,18
2450,William Terry,1156.9353937822912,18
1533,Alexanne Klocko,1597.8261486227636,18
1975,Armani Kulas,1528.2138106102948,18
578,Estrella Goyette,1292.1117719686672,18
2094,Brant Klein,1501.0555147241691,18
1528,Donny Murazik,1523.9324216905795,18
1064,Misty Connelly,1538.75256597939,18
538,Charlie Bartoletti,1611.713879852165,18
1175,Aidan Jacobi,1709.2434182642467,18
632,Ben Padberg,1505.5911589628147,18
1500,Kadin Mraz,1623.6690094716823,18
1222,Chad Reynolds,1974.6990149946344,18
1329,Michale Mayer,1443.9021854977234,18
882,Geovanny Schuster,1558.452097222381,18
461,Sid Mills,1372.2099644192435,18
624,Abbie Parisian,1644.2738236700225,18
1019,Freddy Fay,1603.1125814303,17
1474,Dorthy Becker,1511.8788203136874,17
2207,Janelle Wolf,1772.3721013219554,17
999,Destini Deckow,1349.138872609492,17
1727,Estefania Goyette,1374.8009452145504,17
917,Franco Sauer,1400.832294421535,17
1402,Natalia Herzog,1431.706779563254,17
245,Adonis Will,1408.516083126116,17
420,Crystel Mann,1613.4999813361144,17
736,Valerie Davis,1264.9144222062248,17
2272,Anika Beatty,1210.8361137342101,17
1738,Brandyn Douglas,1387.8687614644798,17
2180,Eleanora Kunze,1393.3034619655966,17
1234,Abdiel Huel,1247.7579038216536,17
246,Francesca Gleason,1322.4294745200548,17
459,Anissa Schuppe,1380.2860954705054,17
1274,Carmel Cummerata,1323.8806924881958,17
141,Alvina Mertz,1494.8440788230998,17
777,Mozell Frami,1432.5166740602067,17
2049,Blake Will,1362.8785208794252,17
2446,Brendon Hettinger,1306.4260431719724,17
482,Dolores Bins,1447.5357391970767,17
911,Ivory McCullough,1446.6792532538238,17
804,Verna Davis,1109.9660486905304,17
1270,Hobart Dickinson,1403.0014776481066,17
1290,Pasquale Ryan,1340.5999522862965,17
113,Kathleen Quitzon,1177.9002138064825,17
2084,Prudence Kihn,1234.3484344110357,17
1642,Merl Steuber,1569.5882406493806,17
813,Roman Walker,1148.1593056539236,17
1051,Mason Ferry,1482.1158942464506,17
1181,Giovanni Smitham,1192.278949235697,17
1613,Art Doyle,1623.7488270410686,17
1358,Chadd Doyle,1782.5320665220345,17
702,Nyasia Jakubowski,1339.236561690188,17
2078,Solon Spencer,1562.6756160301059,17
2287,Cyril Breitenberg,1786.7945316057064,17
2499,Cloyd Beer,1338.956321665361,17
756,Kennedi Waters,1678.1868209794418,17
2055,Ila Johnston,1486.3743439396885,17
2014,Vilma Little,1620.9053349018484,17
1464,Jarrett Huel,1893.2200443903796,17
285,Okey Botsford,1344.0072130984126,17
1152,Erica Orn,1712.4608685305616,17
1375,Serena Langosh,1437.4985102860367,17
1490,Waylon Jaskolski,1180.1219567397,17
413,Joanne Osinski,1223.4594546925996,17
1429,Kris Schinner,1591.6144687607584,17
1057,Linwood Osinski,1519.9866754162645,17
919,Oscar Olson,1387.7695151640105,17
646,Leopold Beer,1404.0315729500535,17
2210,Abbey Satterfield,1756.5230450065433,16
1538,Blanche Bednar,1245.5952461138868,16
1058,Jacques Wunsch,1358.8800995274287,16
337,Adolph Tillman,1470.0055154784775,16
1177,Vincenzo Spencer,1270.1650652323096,16
159,Mattie Bayer,1595.6591600953498,16
306,Louie Breitenberg,1353.4604511098705,16
785,Jewell Wolf,1499.0959282799386,16
566,Jessy Spinka,1364.2036733074995,16
1522,Edmund Adams,1478.5544938379437,16
2340,Elmo Schimmel,1543.6498054966296,16
975,Sidney Kling,1410.2193470056573,16
620,Shyann Boehm,1310.2753944923622,16
1125,Kaia Waters,1368.7375028420258,16
520,Lamont Hoeger,1262.278565266255,16
2095,Hillard Price,1414.5726916144274,16
300,Bryon Lakin,1343.6370011850022,16
1473,Arvel Lakin,1313.460089802742,16
673,Lorena Predovic,1295.7356787018289,16
253,Kyla Zemlak,1294.8204050705335,16
484,Mayra Olson,1251.770514010013,16
2112,Alicia Schimmel,1420.482301261924,16
774,Celestino Bernhard,1508.796146627286,16
1782,Melyssa Miller,1187.1990738836519,16
158,Maye Toy,1153.531175818399,16
351,Maudie Leannon,1206.3510779850671,16
1886,Hailie Walker,1603.3266725780366,16
2458,Mazie Nienow,1901.79196064422,16
334,Berneice Abbott,1463.688019315081,16
1527,Annabell Tremblay,1154.8957601891505,16
871,Luis Mitchell,1322.9836159437666,16
784,Felton Keebler,1159.5522245380664,16
939,Coleman Beier,1345.4541751066963,16
2341,Lauretta Dickinson,1358.7810716224512,16
275,Gabrielle Considine,1304.0245084762305,16
883,Dennis McCullough,1289.452304652747,16
1624,Kimberly Brakus,1339.0428078108353,16
1713,Alvena Stehr,1354.151120264533,16
2146,Gino Johnston,1313.0240590737528,16
1445,Cleve Crist,1120.0900990808677,16
1774,Nat Hane,1342.5441103250923,16
2440,Wendell Becker,1822.1170196342127,16
1456,Reyna Conroy,1534.1072668152483,16
2141,Wilhelm Wunsch,1469.8934190363927,16
240,Anais Douglas,1351.0221510858253,16
1042,Martina Altenwerth,1146.359543861826,16
1827,Savion Langworth,1529.1271053169617,16
1913,Joana Pfeffer,1260.5642162149732,16
1965,Eddie Dibbert,1265.5214791890671,16
2371,Benjamin Collier,1729.7372098866972,16
2367,Nyah Considine,1716.5616012751743,16
508,Breana Weber,1223.4143917620734,16
1869,Nya Mueller,1138.6429872887559,16
2164,Cordia Farrell,1069.413366808355,16
1115,Gina Schneider,1663.04216487935,16
2428,Magnus Carroll,1097.8883924903123,16
654,Amya Turner,1635.5395444342826,16
1592,Nathan Waters,1236.9393766345042,16
342,Lavinia Harber,990.0530084550096,16
303,Orlando Kovacek,1390.2244061432657,16
503,Devan Skiles,1546.947654862161,16
329,Elwin Okuneva,1043.162141376189,16
2400,Rocio Gerhold,1343.5236190549915,16
545,Aylin Wisozk,1443.1544362303084,16
1962,Ivory Jacobi,1228.0411384101317,16
564,Lura Gutmann,1406.181660982709,15
2108,Karson Corwin,1457.292716758115,15
1640,Kyler Altenwerth,1307.5804040448313,15
681,Myrtice Harris,1284.1913593190257,15
407,Liliane Blanda,1182.371124604479,15
411,Ruthe Gibson,1129.5699965084327,15
490,Tyreek Runolfsdottir,1138.720794606621,15
1718,Dedrick Strosin,1246.469279442624,15
1009,Leonard Blick,1437.9443422601332,15
650,Gia Abernathy,900.3340573213629,15
216,Josh Kilback,1188.2036376957612,15
2349,Laura Batz,1424.5319973243,15
504,Carlotta Kessler,1160.2096650191497,15
789,Cierra Kuvalis,1356.6346232244002,15
80,Wilhelm Willms,1023.7266187878948,15
2417,Krystal Mills,1550.3029845017234,15
117,Hollis Hettinger,1149.1021269603357,15
129,Grace Casper,1224.9715526650893,15
1762,Francisco Robel,1401.8691112302959,15
2098,Desiree Schultz,1657.7691925706438,15
1708,Anika Little,1278.2866609580344,15
558,Alexandria Schowalter,1278.8234340732167,15
1054,Dina Hand,1163.6448607192124,15
1299,Easton Kuhlman,1509.5891761453502,15
2251,Reva Hermann,1465.4581200032976,15
817,Nova Leuschke,1107.9402862169995,15
2184,Jensen Champlin,1151.3802939722286,15
1726,Zane Romaguera,1870.767206399949,15
124,Franco O'Reilly,1282.1614837703612,15
345,Jayme Zulauf,1167.4791397312904,15
770,Jay Bruen,1304.7637756874706,15
1561,Juliet Hermiston,1199.4501698694446,15
42,Reyes Strosin,1126.4456097323452,15
554,Robin Rohan,1341.6518542588065,15
37,Jaleel Collins,1247.9132520980015,15
1656,Ruthe Gottlieb,1101.7634554191652,15
2051,Lonny Mosciski,1310.8584765888556,15
1740,Charity Quitzon,1381.3813706759831,15
997,Savion Bogan,1207.493583259413,15
295,Aliyah Pfannerstill,1235.7676230825184,15
1322,Ole Krajcik,1354.447672226274,15
1776,Tina Hahn,2014.2863599041434,15
2477,Wilhelmine Ullrich,1181.9374706715864,15
714,Dakota Mante,1299.761602238788,15
767,Clementina Johnston,1058.0583031227848,15
1518,Serena Ziemann,921.6828486799906,15
560,Earl Erdman,987.8458172340263,15
1748,Evans Bins,1038.9608657435176,15
513,Loma Monahan,989.1134065491217,15
2447,Arne Mayer,1444.6276045873967,15
2186,Rosemary Daniel,1066.3481586502435,15
544,Emmie Mertz,1314.3045249020138,15
885,Eldred Dietrich,1090.2540562798088,15
2365,Syble Langworth,1918.5428596631796,15
1700,Pete Reilly,1205.39004439245,15
1499,Lauryn Simonis,1512.9851621460655,15
2376,Enrico Ferry,1294.1518573783992,15
1481,Erna Aufderhar,1031.0953660052533,15
1623,Cleveland Russel,1674.6067967074337,15
1169,Jerrell Swaniawski,1015.9378817561388,15
1143,Triston Kuvalis,1203.9917436673068,15
472,Gregory Brakus,1149.2410579803316,15
552,Isidro Schuppe,1455.4367145219485,15
679,Theodora Mertz,1109.712230292047,15
1350,Jacey Schoen,1092.1848667735057,15
2405,Lazaro Rodriguez,1457.117437671862,15
2205,Florence Raynor,1650.437163417845,14
2351,Maximillian Mohr,1095.8177923664516,14
602,Kaela Kunze,984.350536048675,14
1366,Carlie Hilll,1377.218850901743,14
2284,Deshaun Leffler,1372.2854456142231,14
2203,Micaela Kerluke,1279.561368437429,14
1808,Dariana Schneider,1006.58942210032,14
1025,Maye Kuhn,921.4930004663534,14
2088,Donny Terry,1340.1467763770024,14
2390,Ward Swift,1108.71782368048,14
108,Archibald Von,1255.9847672579658,14
1248,Cassandra Nicolas,1483.3899417280343,14
2160,Haven Hoeger,1340.806675475343,14
1588,Scottie Schmidt,1263.9222468882801,14
454,Bobby Kessler,1207.7255754114044,14
179,Van Windler,1107.519672328459,14
60,Edgardo Hackett,1076.6055187629206,14
1048,Eino Cronin,891.2298790617114,14
10,Tressa White,1091.5717525381065,14
1754,Zora Schamberger,1747.8070208770441,14
557,Enola Bayer,1022.5391554800913,14
1850,Cristina Goldner,1045.0906704748456,14
890,Loren Weimann,892.1009960521848,14
1394,Mayra Hermann,1089.8154471628736,14
1686,Malvina Effertz,1133.4316169090341,14
1414,Delores Kuhlman,1128.3522731262603,14
2459,Sterling Yundt,1141.5980477312953,14
1091,Margot Beahan,1207.7708568249163,14
148,Madie Bayer,1076.3841071122238,14
790,Eudora Renner,956.2998557481656,14
2136,Elbert Homenick,1172.157561518217,14
2348,Rollin West,1360.7576994832566,14
169,Arnaldo Bartell,1243.2081255554367,14
2066,Ardella Ernser,1219.6099326844026,14
2116,Grace Smith,1330.1265827457305,14
1586,Bethany Gusikowski,1004.2082111769054,14
792,Maximillia Ebert,1232.1576428771161,14
2121,Orie Sipes,1324.698997502899,14
995,Efrain Trantow,1458.194135908739,14
1877,Alysha Quitzon,1533.192793198426,14
924,Agnes Braun,1184.5023841397458,14
2173,Wilton Senger,1214.424224992335,14
375,Ryder Kunde,1306.5888968185373,14
1229,Angel Auer,1132.7562962310992,14
1391,Mittie Treutel,1144.4466382833573,14
1572,Jana McKenzie,1147.8385551321212,14
2065,Johnson Abshire,879.0188395461597,14
1996,Chasity Raynor,1314.8890400576556,14
795,Vada West,1258.2064011772222,14
591,Dahlia Turner,1218.93814159714,14
1214,Susan Abernathy,1398.7150501824085,14
1986,Gino Weber,961.4791412832382,14
1309,Camilla Wintheiser,1022.1615663735854,14
2122,Antwan Grant,1067.7314039494213,14
54,Davin Stamm,1103.924306761287,14
2213,Cyrus Dach,1072.6606993123569,14
1382,Carol Feil,1553.6049954597995,14
1536,Reece Kozey,1015.980634264663,14
712,Dalton Renner,1245.101513055864,14
101,Beryl Reichel,857.5684614510922,14
2484,Adrain Kilback,867.5468969663857,14
1761,Wilmer Schaefer,1167.2721673847475,14
1573,Porter Lowe,1009.351906096972,14
832,Norberto Dach,1145.4093323979807,14
519,Marcelle Rippin,1245.9389830079535,14
1155,Boris Gerhold,1339.5198745406472,14
935,Taryn Schoen,1139.6817935627419,14
326,Clovis Homenick,882.446218112132,13
2133,Jaquan Treutel,1037.4178071548397,13
2478,Kailyn Leuschke,1562.6617237772218,13
348,Elmore Weissnat,1247.5550177967955,13
1192,Dereck Hudson,1491.5094717855638,13
522,Theodore McGlynn,1024.3211375631574,13
1435,Kiara Bayer,1188.072430862609,13
2350,Lucinda Welch,1140.176943663645,13
868,Danny Oberbrunner,1093.3773270312618,13
1283,Yadira Conroy,1185.6103151316602,13
1433,Brennon Gerlach,1589.3817725390936,13
232,Magnolia Hansen,1113.9364334547868,13
1861,Jana Hilll,856.995136253403,13
2267,Melisa Hilpert,908.569238647371,13
2075,Royce Bins,1053.7922080853746,13
907,Louie Corkery,1059.3380064306857,13
1722,Rex Smitham,1324.2580090664892,13
1587,Erick Yost,1378.2491426317033,13
1031,Garry Paucek,741.4279097971743,13
377,Prince Quitzon,1082.670819150991,13
444,Andres Zulauf,1037.5782737718223,13
1016,Viola Schoen,1049.1492118844735,13
58,Dawson Kovacek,1115.172543832028,13
2077,Kaya Yundt,1110.6683986480616,13
1793,Anna Price,1076.4810961282476,13
778,Lavina Schultz,916.8545375744275,13
1035,Blake Leffler,944.2425390125576,13
1901,Martin Greenholt,981.471782097586,13
2072,Laisha Conn,1186.840643935822,13
2227,Nelda Rau,985.3719009620131,13
1795,Ollie Corkery,1237.4080839458102,13
2430,Nestor Hansen,1085.7716646698248,13
260,Lexie Franecki,1157.3560345926282,13
350,Quentin Dickinson,1035.4832244169938,13
1083,Mathias Altenwerth,956.1789057181101,13
2130,Abdullah Kerluke,706.1622605686179,13
497,Jennings Ferry,1147.4486042875296,13
791,Amina O'Reilly,1010.3646664986021,13
1357,Orlo Romaguera,1272.8845602286838,13
2397,Jackeline Hane,1022.1566862824142,13
222,Theodora Dibbert,1201.0230967587884,13
803,Stewart Marks,904.2477965664696,13
2472,Alberto Gulgowski,874.4689773205326,13
1209,Juanita Kessler,955.333563995832,13
73,Stan Hessel,1135.3063861954238,13
218,Stan Jacobson,1196.2507046279331,13
1969,Freeman Stehr,1206.621844149651,13
233,Ulices Feil,1088.0733357042898,13
1281,Noel Ziemann,993.4234513274145,13
2264,Darrell Fritsch,1109.8613840310013,13
1591,Natasha Abbott,1124.0801709884613,13
2345,Marlene Brakus,1498.0207891407038,13
1199,Kaya Satterfield,1273.999992577559,13
2016,Alycia McCullough,981.4549119316057,13
1419,Angelica Towne,1272.414628145437,13
1483,Breanna Pollich,1133.9464748935857,13
655,Shirley Okuneva,1337.1316816911353,13
744,Reid Reilly,931.8269280736531,13
643,Darrick Sawayn,1075.4955774366822,13
2270,Lola Ritchie,1375.8740455032216,13
848,Tressie Willms,945.4413062967367,13
1492,Jameson Grady,1066.1614529966726,13
2346,Zane Paucek,947.4544605082277,13
470,Enrico Graham,747.8202287328075,13
1990,Elvis Goyette,1411.348211125804,13
550,Kristoffer Keebler,959.9596139589862,12
128,Jakob Kerluke,672.3647580852409,12
183,Rodolfo Larkin,1269.8706210813027,12
1029,Paris Herzog,833.9261040414126,12
142,Sheridan VonRueden,848.749043593241,12
311,Orlo Lueilwitz,957.4554015143632,12
1815,Ramiro Wehner,1018.929655703254,12
2329,Ciara Dooley,1009.1459730870833,12
1428,Garrick Rolfson,1227.7934503012966,12
22,Jeromy Smith,998.4204063412682,12
2381,Kirsten Brekke,1362.734206183356,12
1341,Sigrid Runolfsdottir,917.2734313575395,12
1992,Olen Watsica,1143.9345938126216,12
501,Orval Hettinger,688.4073491066887,12
1852,Joan Langosh,1284.2347894086208,12
449,Zetta Nitzsche,945.5698090271903,12
768,Schuyler Hills,1067.1040003314833,12
905,Delfina Orn,1257.8619183480869,12
1759,Abby Larkin,980.0123068905183,12
1839,Nikita Little,953.2976925176781,12
2388,Lisette O'Connell,1014.5814928219547,12
361,Unique Balistreri,961.7646587933571,12
1899,Murl Abbott,774.9173749261258,12
2110,Idell Murray,728.1555880560131,12
1342,Brittany Thompson,888.1165664278632,12
2117,Joanie Goodwin,1019.9327015899605,12
2432,Clay Johnston,1073.1652653397446,12
641,Blaise Legros,1010.0485588448319,12
2167,Gideon Conn,654.7839426457772,12
981,Jarvis Brekke,957.1065436084654,12
1263,Lila Von,738.0173578256105,12
485,Marcelina Moore,899.664835512844,12
929,Winifred Runolfsson,910.4284241746354,12
709,Erick O'Keefe,1159.426343309414,12
1902,Jace Kihn,1231.9204909603925,12
2222,Fabian Heller,1156.5855876826242,12
2419,Kayden Grady,942.0267903969552,12
970,Rosie Hagenes,1252.3924480323285,12
1672,Elisa Grady,1254.8824839891754,12
213,Connie Davis,1003.4188193505761,12
1840,Maryam Friesen,782.6797693044143,12
1246,Leonardo Fahey,1253.1740119637593,12
1422,Sigrid Maggio,1117.357742360428,12
7,Roselyn Bosco,1050.7622091555204,12
1132,Camryn Murazik,920.2709249548071,12
256,Rupert Walsh,1219.1713553184316,12
2099,Jayden Kris,1160.93601997993,12
1074,Joan Ortiz,973.0073656000561,12
1298,Rick Yost,1020.5420116851486,12
1976,Bill Pacocha,991.2585733722786,12
1112,Breanna Strosin,824.3611036953534,12
1855,Stevie Ankunding,1073.0078233592067,12
1823,Mabel Ward,1323.5562063439304,12
2482,Ruthe Goldner,1209.8457630125863,12
278,Fredrick Gulgowski,1008.7695313371343,12
850,Carolanne Upton,1003.0061376521629,12
272,Roy Paucek,1196.8802615319473,12
452,Dawn Goldner,980.054074171449,12
85,Vernice Steuber,1203.2358850156397,12
588,Porter Tromp,1167.7621126315976,12
597,Stan Schaefer,707.523968483925,12
782,Iva Waelchi,937.4609201621485,12
2394,Grace Brown,1303.997429630123,12
762,Marc Schmitt,996.5411356337969,12
1721,Faye Denesik,987.3714758510525,12
543,Hadley Watsica,1093.0647946328866,12
2253,Jarvis Rosenbaum,1073.9548414714886,12
2204,Lilliana Larkin,1144.0527163870574,12
2496,Jettie Yost,1031.3261114394425,12
2217,Green Schimmel,1261.843467905883,12
1487,Garret Schoen,1156.0975093273125,12
549,Andy Rempel,931.8363498511342,12
1014,Lavern Boyle,933.41440237937,12
1163,Otto Krajcik,982.0287819847949,12
492,Janelle Rutherford,1039.4394359107737,12
2021,Kellie Price,1063.2767512853252,12
1581,Orval Zieme,921.8001031040844,11
1119,Alisha Kilback,1091.5278016045324,11
1950,Alek Hickle,863.8416693597771,11
1589,Rebeka Tromp,963.7178228534558,11
1709,Leanna Cremin,1146.37611076832,11
667,Isaac Schultz,1111.0846019434512,11
2082,Nels O'Connell,945.7684222561347,11
2057,Nathan Kassulke,801.5171988246335,11
1133,Wilfred Anderson,890.6218770983417,11
1590,Tommie Turner,1160.7205087748262,11
229,Jewell Walker,761.1142113184102,11
1695,Zena Wolf,941.1062804260746,11
2271,Deontae Hansen,1306.1201522077456,11
1548,Ethyl Zboncak,697.7799794851825,11
900,Kathryne Hoppe,1019.1618710474227,11
830,Joshuah Gleichner,1150.984065045211,11
823,Pattie Gutkowski,846.1973614691143,11
282,Breanna Hodkiewicz,1133.0156543791297,11
631,Blanca Schiller,801.1991447073011,11
1050,Florence Donnelly,942.4142280589538,11
1570,Andrew Macejkovic,913.5148156519654,11
1758,Adrien VonRueden,984.7424891874348,11
540,Mallory Kirlin,1021.8915429445274,11
829,Elva Herman,748.4409965389916,11
1332,Edmund Wilkinson,665.9447365755973,11
1324,Holden Huel,889.6689614683356,11
1800,Freddie Wisoky,1429.5038040379047,11
2258,Emmanuel Emmerich,807.5889510028873,11
668,Rae Lindgren,755.4181996342676,11
2470,Naomi Waelchi,699.7382289074462,11
69,Anibal Hansen,753.4406287687062,11
353,Hulda Hintz,944.5159778959244,11
136,Aliyah Stracke,754.07934917848,11
2219,Kirsten Kihn,963.4740506025461,11
394,Rosario Thiel,715.462815952784,11
1447,Johathan Sanford,788.8327085754399,11
616,Rex Thiel,1015.9993059795092,11
2030,Joe Terry,1258.1944345327668,11
568,Jay Strosin,882.7930089332541,11
1096,Jermaine Schmeler,876.4614272015519,11
2239,Ethan Hudson,952.1204495389529,11
556,Percy Padberg,855.7135844970903,11
409,Kenyon Watsica,1079.1698953959594,11
684,Jacklyn Gorczany,1126.758966398745,11
1628,Orlando Conroy,1132.2734595144343,11
205,Lowell Daniel,948.3886959324186,11
697,Delta Jerde,1052.3108711645764,11
1416,Michel Wilderman,917.7147253096997,11
682,Annetta Predovic,952.285461816552,11
1271,Pearlie Heidenreich,714.391445894503,11
1238,Josh Schimmel,1139.5021535768333,11
581,Quinten Goyette,826.2103925415335,11
2246,Paula Reinger,1015.642470745375,11
2083,Katharina Glover,1021.3094694825731,11
607,Laurel Pfannerstill,977.6531429504832,11
1509,Henry Rowe,901.0914360018476,11
1970,Clark Luettgen,957.3375892808119,11
746,Andre Stamm,794.0761915808596,11
1911,Talon Kreiger,935.5176383672328,11
304,Emmanuelle Sporer,982.6832463148345,11
527,Marjorie O'Conner,951.7999477683758,11
1093,Mollie Lynch,1007.6011600307594,11
936,Jailyn Hickle,850.9982945126761,11
2139,Floyd Jacobson,730.5692931859465,11
2494,Tamara Pagac,721.2161404044712,11
1220,Lizeth VonRueden,723.4847312736517,11
362,Jaqueline Waelchi,985.4453782326461,11
1463,Adolfo Flatley,1023.9537636550384,11
1688,Kenna Walter,808.490700775496,11
978,Domenic Daugherty,1016.9577084717903,11
1926,Elena Herman,901.0346035448483,11
225,Gunnar Doyle,940.0459591660903,11
2119,Samantha Nolan,808.5242812839741,11
1508,Danial Kohler,890.1597014058403,11
653,Shanie Spinka,967.6915470088667,11
1076,Jaida Huels,717.9183094657853,11
1011,Roberto Becker,966.426794445744,11
177,Nikko Haag,1146.4334629763896,11
2214,Kavon Dach,1092.7227958019928,11
1012,Andreanne Wiza,789.358682576836,11
694,Unique Jerde,913.6538222483365,11
2344,Emmet Eichmann,738.3654150017516,11
483,Magnolia O'Keefe,948.5731015645979,11
305,Rebekah Dickinson,948.128879272856,11
1732,Kirsten Reichel,1164.2964768580837,11
1,Hudson Borer,918.7580687819911,11
2328,Kirk Harber,913.1939023521309,11
1596,Lisette Wiza,1052.647808513122,11
2384,Verdie Mueller,595.729732451214,11
983,Caroline Kreiger,922.9827230198426,11
1641,Gregorio Terry,745.1716093042475,10
2115,Layla Abernathy,764.3726819935963,10
443,Lisa VonRueden,789.5513870561165,10
1622,Ceasar Harvey,685.7626354204164,10
906,Dale Halvorson,728.4533892299735,10
3,Lina Heaney,1014.6302471431932,10
115,Edwin Spencer,725.2843065498733,10
1237,Theresa Hudson,925.4368876651823,10
314,Tomas Mraz,866.667996757931,10
1555,Reba Howell,771.657672454457,10
2230,Cristian Pouros,1017.8740731240191,10
476,Adalberto Terry,663.1425214255826,10
1813,Myriam Witting,794.8751266132111,10
2414,Dante Lesch,1335.442153369374,10
1616,Fritz Dickens,998.7891595484789,10
1123,Creola Satterfield,858.1007601646529,10
2387,America Halvorson,903.5814510441419,10
1296,Sterling Koch,1167.9691069365956,10
2406,Clay Leannon,648.2936819235205,10
45,Gilbert Abbott,977.3031326987411,10
451,Vernice Schmitt,602.1160695419318,10
2107,Leanne Orn,813.9060973672098,10
2040,Meagan Stoltenberg,974.3644259642851,10
198,Tamara Sawayn,869.5092056746873,10
1957,Lamont Dooley,1136.1032866330538,10
1217,Bernita Volkman,660.4871932319686,10
235,Jerrod King,792.4691224526953,10
401,Mark Hane,962.4161890907156,10
932,Gaston Dicki,746.8479105985886,10
2161,Brody Gottlieb,908.858295740496,10
1817,Winifred Tillman,884.4454701413858,10
296,Nellie Heller,657.6850258132783,10
1193,Fay Thompson,892.6293354280233,10
2311,Karelle Koelpin,849.5221531015186,10
1981,Novella Marks,961.9792298163551,10
446,Tre Balistreri,793.6963445264404,10
2265,Amelie Kunde,821.8885533811986,10
647,Alison Paucek,664.0447486733894,10
728,Burnice Daugherty,1034.8934039314029,10
1144,Gerald Mayert,872.7201183145235,10
780,Fleta Leuschke,828.4522934635974,10
2185,Arely Lubowitz,678.8980139881313,10
2064,Audra Hudson,672.4297073383847,10
1068,Bret Quigley,904.9279635960671,10
1471,Edyth Roob,950.4105616508568,10
2086,Neal Crona,880.4669825395791,10
2009,Bessie Connelly,974.7076763200182,10
201,Ford Larkin,793.6632343978558,10
287,Alverta Reilly,868.8746680152997,10
1056,Sydnie Schimmel,822.523638515922,10
683,Reuben Koelpin,676.1577704969942,10
1180,Fred Mueller,853.0887440974934,10
1205,Monroe Kulas,589.7829050537079,10
1075,Eliezer Conroy,969.8371649375157,10
1356,Tressie Boyle,623.8821371747567,10
24,Nya Weber,923.6733057964807,10
2027,Simone Schaefer,693.5899950706383,10
949,Amanda Boehm,841.8810757734118,10
1608,Edwina VonRueden,970.687251335231,10
611,Brice Stark,728.757001611284,10
1028,Trace Walker,868.0229682860067,10
1982,Javier Tillman,722.04131603979,10
1097,Arnoldo Hessel,932.6125897742046,10
1903,Arturo Bahringer,898.7708520589482,10
2375,Leonor Moore,861.4797505483888,10
1330,Woodrow Hermann,881.5202878930562,10
2292,Carmella Rogahn,779.3626520961186,10
56,Seth Willms,800.7609089365394,10
551,Oceane Runte,884.9275965274494,10
1961,Jaylon Stokes,677.50687399803,10
66,Gladys Dare,1046.6632170758965,10
626,Columbus Swaniawski,918.3065276235006,10
1297,Colt Leuschke,677.8570270779467,10
499,Loyal Wintheiser,834.2030124414379,10
672,Robin Flatley,818.7945027592523,10
379,Theresia Johnston,877.8837743555231,10
1675,Marlin O'Conner,846.9640484045676,10
1188,Arno Nienow,712.9478441263471,10
91,Myrtis Labadie,1064.1415304944958,10
2307,Bernardo Heathcote,529.1887428181305,10
617,Isai Frami,1035.6174354014613,10
1841,Harrison Kris,859.688292616746,10
468,Jensen Swaniawski,822.7149195593736,10
590,Cleo Ziemann,698.27060629723,10
18,Arely Pollich,710.1982273291541,10
406,Kacie Skiles,941.926293542823,10
2300,Brody Kassulke,873.6532083954856,9
1541,Dudley Upton,711.4291593435823,9
704,Stanley Stanton,795.0865448474597,9
1253,Maeve Bernier,779.1568844858793,9
1430,Reyna Greenholt,767.043437161239,9
1089,George Wiza,711.2380312396991,9
1843,Geo Thompson,930.413775632692,9
2061,Karelle Hodkiewicz,608.7994309331975,9
2216,Zena Schowalter,712.1210316720892,9
1008,Khalid Blanda,806.587704861417,9
2019,Jabari Gleason,836.9956553163618,9
266,Beau Rutherford,727.0568843193447,9
307,Vladimir Kuphal,881.2474557881021,9
638,Lilian Roberts,898.225484719706,9
2074,Marquise Crooks,783.0575006402217,9
1454,Arnaldo Rice,1020.9167726477318,9
322,Scot Rippin,851.8597311928024,9
2493,Edyth Emard,1165.5202415331196,9
369,Alia O'Reilly,822.8052607400923,9
993,Charles Murazik,834.5772717177426,9
1227,Murray Wintheiser,1020.4868403322439,9
1230,Sigmund King,879.8156090210703,9
336,Wilhelmine Erdman,722.8142065987188,9
215,Benton McCullough,948.8584324533795,9
1101,Patrick Torp,634.3767028571039,9
1978,Giuseppe Morar,839.3036635345691,9
521,Ubaldo Becker,467.2653144605136,9
2073,Wilford King,1007.4546652290462,9
574,Jakob Hansen,666.7808327259294,9
1676,Ramiro Shields,1000.9230697148537,9
1960,Tremayne Price,829.4458570072445,9
2250,Loyce Lemke,762.30046853038,9
1888,Elinor Douglas,871.0117460843077,9
878,Chanel Rippin,553.308528790757,9
1599,Justina Ullrich,700.0877319184017,9
2152,Louisa Sauer,706.1740086773015,9
2423,Felipe Johnston,1119.8564277194737,9
518,Granville Gaylord,563.8843824599403,9
1135,Gene Lueilwitz,808.7171375985605,9
243,Paige Miller,742.8310032715248,9
724,Vito Haag,687.1222942274425,9
1351,Carolina Crona,640.2105943007496,9
737,Hipolito Kulas,775.9932857539465,9
2159,Rickey Jerde,852.756590213016,9
34,Emilie Goyette,629.529185218948,9
666,Andrew Carroll,697.6289930523933,9
170,Mohammed Beatty,720.5130719952779,9
1070,Skye Heidenreich,624.5575416220427,9
1856,Laurie Ortiz,1178.3080728475084,9
2438,Antone Bechtelar,727.0910600413669,9
1121,Marlene Cassin,559.2950257244603,9
2413,Twila Turcotte,691.5349721466278,9
1788,Mackenzie Ullrich,684.4325811193195,9
1236,Freida Wiza,600.8448393611162,9
1204,Myrtle Bahringer,925.4264799146802,9
244,Jessika Funk,965.1683967633697,9
1710,Emmalee Bruen,679.0368228079827,9
1698,Malika Kuphal,624.9282602616388,9
2237,Shawn Fadel,701.1866536211512,9
8,Aracely Jenkins,860.6767923778959,9
289,Lacey Dickinson,800.0401520238215,9
1291,Tyshawn Hermiston,735.875753984468,9
2396,Halie Berge,621.404874229094,9
1200,Vergie Rempel,831.6737360831638,9
2247,Ettie Gislason,833.3946892093327,9
943,Phoebe Mann,835.2916147434607,9
966,Ford Rolfson,810.3738751315434,9
2026,Colin Kunze,1050.2121050288015,9
674,Evelyn Hahn,626.5490764947099,9
1210,Alfonzo Quigley,646.9439975345217,9
1512,Kade Heathcote,677.2748349810239,9
2377,Devyn Kuvalis,627.7317038367687,9
2457,Princess Tillman,916.0218599739289,9
1113,Violet Hills,844.3628523124712,9
425,Enrique Wiegand,907.459285068164,9
172,Maryam Weimann,765.4661679441326,9
36,Kaley Ziemann,838.3849274700972,9
1197,Hanna Schaden,617.9449165595857,9
2481,Sasha Nolan,598.6481602123879,9
1182,Jean Larson,777.193041941318,9
1287,Celine Hegmann,656.6353674213505,9
44,Carroll Kohler,688.9599794611287,9
50,Stacy Wisozk,572.9191892582405,9
676,Aditya Schoen,961.1294774373287,9
1741,Hudson Larkin,465.9383384851877,9
677,Brown Blick,808.8364272755281,9
892,Muhammad Kub,834.4785745828856,9
1099,Aidan Toy,662.639275793609,9
1120,Violette Wisozk,803.6636704723502,9
312,Lauren Lueilwitz,655.1387063681917,9
1421,Cornell Cartwright,693.9268983370927,9
2035,Brisa Goodwin,942.9536506794961,9
2257,Jerome Cremin,996.1940052196263,9
354,Molly Robel,848.9550425640075,9
2097,Maeve Bednar,779.2344347679208,9
831,Marques Koch,899.7537235466972,9
687,Jamar Hickle,689.6663532441789,9
1771,Susanna Will,976.2251628926754,9
16,Khalid Pouros,610.2026158959694,9
2140,Dalton Larson,862.8629422546612,9
2352,Graham Kessler,948.2004508946582,9
1531,Jabari Schimmel,849.464420275099,9
1951,Sienna Glover,593.3918975661963,9
1865,Jerome Koepp,584.6562094935655,9
1948,Gayle Towne,821.7093823192794,9
953,Rowan Weimann,714.7785649573003,9
1705,Larue Torp,894.8039235365195,9
1212,Liam Schoen,668.923028231959,9
1629,Consuelo Streich,752.4692513235979,9
112,Theresa Grant,688.8807755462026,8
2067,Dana Bartell,586.7928064507173,8
2157,Caitlyn Mraz,753.0314705868685,8
755,Cedrick Kling,511.56674052273377,8
323,Deja Schmeler,616.3017704390486,8
912,Rickie Vandervort,729.3421168263957,8
23,Candida Kiehn,648.9699687572939,8
279,Orville Effertz,825.6900976899695,8
896,Christophe Durgan,600.4209953241502,8
86,Oda Brakus,672.8341665789453,8
731,Eldon Herman,601.2418651734887,8
1398,Cale Ankunding,600.8371465555603,8
417,Rowan Hyatt,801.5023976961475,8
750,Jermain Kohler,535.538168155053,8
199,Adan Weissnat,770.161504639741,8
1526,Tyson Stehr,484.29070140695603,8
1786,Allison Doyle,526.0842030027918,8
2342,Jairo Simonis,995.7890917389036,8
20,John Aufderhar,679.2987478788787,8
72,Eula O'Connell,591.5732015409808,8
960,Angie Tremblay,672.8459460275035,8
1849,Eryn Glover,918.2548814853255,8
435,Allan Runolfsson,530.9816400430426,8
1617,Dameon Nicolas,733.1856006444074,8
1301,Oda Yost,828.8778350350486,8
1262,Maurice Zboncak,647.6640730618282,8
1282,Verlie Bartell,585.6021433972955,8
1426,Filiberto Armstrong,723.2010423601855,8
130,Myrna Hickle,492.1891479633939,8
1250,Brenda Buckridge,510.5994695138663,8
1693,Hulda Homenick,940.9321213567835,8
1380,Ruthe Hane,572.6024135720347,8
1387,Linnea Dickens,625.498505403476,8
436,Heber Turner,650.2779590009046,8
2039,Cleta Cassin,670.588561612283,8
12,Ciara Larson,542.3186817426003,8
1779,Billie Nolan,446.1862401977739,8
2148,Marjory Bogisich,668.2475890375141,8
1943,Coleman Keebler,1103.6764290475473,8
140,Walker Conroy,608.9704335883633,8
1006,Gene Kemmer,586.2321006649104,8
718,Deon Gerlach,888.9137289263831,8
1062,Monty Lynch,774.3347460081999,8
507,Ava Jaskolski,678.6345632101967,8
2366,Sandy Jenkins,789.7747673702585,8
2436,Kayley Powlowski,468.42413294782665,8
414,Casey Metz,583.9693545245686,8
1689,Aliya Goodwin,738.1090296419287,8
1021,Ladarius Ullrich,499.56251202142283,8
39,Andreanne Hills,622.4146039705187,8
934,Douglas Prosacco,851.22609214761,8
2191,Demetrius Nikolaus,675.1778708995877,8
1000,Craig Abshire,643.9943120563678,8
1141,Onie Altenwerth,668.514888477735,8
1502,Alayna Halvorson,528.4103714002161,8
659,Wilford Bauch,733.8312703287874,8
693,Margot Keeling,564.4602575176073,8
875,Trudie Muller,831.1526438533806,8
2096,Waino Feil,829.9654862204444,8
1810,Kathleen Bernhard,554.2105616786918,8
2361,Citlalli Brown,416.64036380388393,8
442,Arch Simonis,679.0979318413893,8
1348,Maryam Nolan,521.8128012431458,8
2188,Heber Gulgowski,782.2943727255994,8
657,Itzel Wunsch,615.2652824376859,8
47,Bradley Green,714.1645660768245,8
927,Laura Bahringer,712.4077658179535,8
1417,Greg Purdy,691.6406938982414,8
1275,Omer Sipes,700.2170894253253,8
2434,Domenico Ritchie,647.694987159698,8
1254,Watson Gerhold,693.1902063443894,8
489,Amya Homenick,610.3127849713796,8
1583,Bernadette Brown,949.5994200382665,8
1924,Blaze Daugherty,796.7788689946404,8
1072,Markus Hirthe,853.6419516051154,8
1105,Brody O'Reilly,913.2185492462734,8
1104,Roberto Armstrong,589.9682813568871,8
1985,Noelia Sanford,743.8568655426443,8
1680,Mariano Botsford,552.1776490861438,8
2379,Felicity Erdman,886.108453503817,8
2336,Richard Harris,680.791599908625,8
1510,Evelyn Weissnat,705.7086917539378,8
466,Myles Deckow,532.4811765152726,8
1784,Mafalda Medhurst,453.5051802320629,8
535,Will Kozey,599.8361584999917,8
555,Coty Kertzmann,726.4390388094814,8
1545,Kendall Dare,735.9372263241689,8
2249,Jayson Flatley,739.403301390136,8
758,Dolly Bernhard,585.2930232452884,8
2327,Torrance Kuhic,651.8766486230435,8
2455,Dana Kozey,558.6457633308419,8
2321,Schuyler Baumbach,784.2658984710723,8
2357,Emiliano Durgan,890.8805572014362,8
1415,Anita Frami,731.5130558259281,8
869,Candace Greenholt,588.1467922737716,8
1308,Sabina Borer,464.33840486644533,8
1497,Jensen Mills,719.7112886464241,8
2337,Keira Gorczany,691.6301296267453,8
1396,Rupert Ondricka,728.3407316737556,8
389,Mellie Wolf,533.7756423242336,8
1134,Lillie Wilderman,742.3890761525887,8
92,Tatyana Steuber,615.7238505624081,8
1513,Hortense Donnelly,982.7640807185812,8
2497,Sadye Gibson,749.6552700002424,8
576,Hulda Greenfelder,732.293609590442,8
1172,Camryn Wunsch,504.78171362991844,8
1580,Lindsay Stark,792.8207519696073,8
2111,Ryan O'Keefe,717.5373239819949,8
1168,Ernestine Erdman,757.9469114067198,8
1448,Deron Cremin,511.5670271781341,7
204,Enos Donnelly,573.8915033405327,7
325,Orrin Lemke,466.31982206153293,7
705,Andres Kessler,536.5011172102676,7
2473,Boris Boyer,476.2760713972575,7
1649,Carolyne Leuschke,749.6090685436261,7
925,Archibald Lowe,542.2920308882702,7
1265,Rebeka Wisoky,540.3123982306842,7
423,Loyce Cole,649.4975934756692,7
2199,Dante Harvey,534.2930719650378,7
1644,Laura Hills,517.5682537299602,7
2389,Roderick Aufderhar,572.0168176577704,7
797,Gretchen Muller,575.1480877280123,7
1896,Casimer Mitchell,666.0519079034873,7
2309,Andreanne Mayert,664.7148974419825,7
440,Sarina Bailey,494.0968769352314,7
1830,Alta Hansen,703.1980415867201,7
1799,Antonina Morissette,441.70285015947763,7
1910,Harvey Nikolaus,825.7305277976666,7
2156,Citlalli Howe,638.5224337804317,7
1921,Kayli Ziemann,520.4744928185213,7
2128,Gunner Graham,424.2831149161868,7
2316,Hans Kozey,955.9637756418813,7
274,Cameron Strosin,564.9883474288815,7
537,Keith Rosenbaum,371.4696324326593,7
933,Aurelio Parker,600.668925365433,7
976,Consuelo Vandervort,686.5963271362704,7
1023,Pinkie Schulist,541.3065105285232,7
1368,Hugh Konopelski,587.6150109416783,7
1632,Ephraim Pfannerstill,503.1811177714116,7
388,Nicklaus Hahn,556.487091498852,7
1946,Logan Thompson,719.9801156930075,7
2046,Kelley Turner,578.1939355692059,7
367,Gaetano Wilderman,691.8126457835083,7
1952,Eveline Jenkins,712.3500245452483,7
1137,Jamal Bayer,521.2185422586533,7
1401,Wilburn Bernhard,693.4708694088476,7
1868,Maud Witting,617.4304241209353,7
1547,Monique Cummerata,658.1002751540468,7
699,Brielle Kertzmann,742.4317352814526,7
1078,Keenan Ferry,421.38850721541576,7
118,Diego Will,665.1029742797676,7
161,Rupert Ruecker,471.9987803687875,7
1755,Keyon Gleason,603.6442693172271,7
2225,Nils Gaylord,579.4628893606911,7
76,Amiya Considine,637.8879526470229,7
1343,Brianne Jacobson,715.0380693960542,7
2290,Kathlyn Ruecker,662.9748660996678,7
1316,Walker Carter,585.0422900723222,7
2353,Ryann Parker,674.8700256041911,7
630,Felicia Runte,605.8645973951712,7
458,Elvera Lowe,394.7873731695691,7
573,Rachelle Schmidt,566.4010774681847,7
2320,Emerald Robel,719.6993855229729,7
1930,Lucie Cormier,474.3100309963702,7
347,Ola Gottlieb,679.7617160034076,7
1231,Brielle Ondricka,624.5526085508894,7
2279,Shaylee Lowe,552.412970448031,7
1684,Camila Pagac,541.8307566271635,7
1562,Alanna Lockman,391.1999085178937,7
99,Alicia Cormier,525.6387947765346,7
211,Quinn Stokes,492.82435675168006,7
404,Lolita Ferry,594.1785019017416,7
1895,Meta Rogahn,630.1430320663773,7
2280,Reva Carter,747.7076117199674,7
621,Jazlyn Mohr,597.2090600024055,7
147,Eileen Mayert,668.0658355964008,7
1211,Kelsi Douglas,459.99551784642443,7
268,Marvin Hegmann,599.0516857877515,7
1523,Mathilde Weissnat,568.1276768268717,7
2190,Yesenia Green,801.2322302179612,7
1503,Amy Nolan,421.7869709167077,7
1697,Wilfred Schaden,575.5347772142703,7
2105,Art McDermott,575.7104445527746,7
2476,Madalyn Roob,448.8167977296588,7
447,Demario Hand,682.3029342087892,7
1972,Kelsie Glover,552.733351402154,7
571,Micaela Ebert,468.87013630489037,7
1040,Ike Homenick,569.8446713003045,7
930,Walker Harris,555.119269037401,7
1468,Elvie Parisian,642.3473520171585,7
1273,Rosella Bergstrom,595.0599127883494,7
1822,Pearl Kovacek,880.2288749602023,7
1611,Nicolas Goyette,528.5629229402892,7
437,Danial Keeling,433.35208535310056,7
854,Sigmund Mayer,501.5878797194588,7
1466,Monserrate Hermiston,708.3546232397034,7
259,Krystel Boyle,482.0128825296618,6
29,Broderick Lockman,507.95156131532985,6
1964,Elvera Kirlin,360.5233579589951,6
2464,Eulah Gorczany,543.9001259242335,6
807,Juanita Altenwerth,394.9205830930681,6
1873,Jazmin Brekke,503.76343468040807,6
2091,Joseph Lynch,400.0063855610983,6
910,Jonas Von,505.7278023551007,6
352,Lowell Koelpin,408.5244571223411,6
1100,Rudy Cremin,672.0477593516048,6
1829,Kaitlyn Howe,614.121939028818,6
1980,Geraldine Kiehn,445.4584137398265,6
270,Chester Eichmann,466.37970122999064,6
1170,Gunnar Huels,464.8060563369454,6
915,Dorian Predovic,455.21097314384883,6
15,Bertrand Romaguera,514.8297298664579,6
972,Frederic Wehner,707.8520822081496,6
1407,Lorna Greenholt,339.21089382558125,6
1080,Shawna Kilback,539.373829312538,6
21,Angela Botsford,569.0541733005076,6
1149,Khalil Padberg,593.6306694303424,6
1612,Elmer Klocko,346.3359046765024,6
1766,Ferne Rosenbaum,638.3882114988943,6
390,Brenna Hudson,488.65903882161786,6
1388,Ronny Kessler,585.0286773728538,6
250,Antwon Pagac,632.2863824852269,6
2070,Loren Roob,593.0038295282453,6
870,Sigrid Denesik,525.6627095802609,6
2362,Carson Rogahn,353.4200191139594,6
954,Keyshawn Weimann,351.9725923216273,6
1750,Troy Pacocha,472.891500311182,6
1938,Cyril Stamm,579.4748536248715,6
2285,Lempi Gerhold,379.4476641660841,6
857,Rudy Larkin,391.0669229053516,6
861,Dulce Conroy,482.61319161939,6
1032,Lisandro Skiles,605.8956028692681,6
32,Jayden Hamill,559.1288609971266,6
2466,Jammie Gulgowski,551.860779506154,6
200,Thalia Hirthe,549.6080947669693,6
1557,Christy Gutkowski,492.8106944238568,6
2294,Cordie Kutch,503.3168684276495,6
629,Yessenia Pagac,432.9684704121543,6
1252,Durward Kilback,464.00006024972856,6
1619,Kacey Jones,503.6470967357503,6
757,Teresa Hodkiewicz,684.6117633326425,6
1323,Ambrose Johnson,439.16605784024557,6
134,Orie Bartoletti,474.9051011533687,6
1179,Stone Koelpin,414.30037048921406,6
465,Haskell Graham,567.7177798384062,6
439,Ivah Tromp,537.2233902704895,6
2448,Alize Keebler,433.4192413710929,6
293,Cornell Connelly,572.4145845221333,6
1653,Roscoe Luettgen,465.3284362739995,6
418,Ella Koss,589.9795490770534,6
156,Lolita Zemlak,585.3753388499816,6
327,Rosario Bradtke,546.2921045058295,6
1249,Janis Bode,524.5473699507895,6
2276,Patricia Barrows,439.3860379067324,6
1600,Anderson Stoltenberg,447.35787953826366,6
1728,Braeden Corwin,517.54340040482,6
217,Annabelle Schmeler,444.6304212382544,6
904,Tracey Denesik,361.7830040647236,6
1681,Gino Kuhic,429.7810477733804,6
859,Julio Beatty,442.7584492054235,6
1027,Nyah Keebler,619.7392069338948,6
1773,Jasmin West,330.0946787420445,6
1806,Melba Witting,464.460997464652,6
2171,Chadd Larson,516.3267219588864,6
1498,Giovani Lesch,566.4257587918179,6
542,Gertrude Labadie,710.4140900066817,6
1118,Marta Kuvalis,482.0726389036764,6
251,Dominique Bergnaum,492.722779369835,6
908,Toby Yundt,460.82779374562733,6
1086,Eleanora Smith,571.1605064804357,6
386,Omer Kautzer,288.56708012955926,6
1543,Madelyn Hermann,513.0947022963499,6
1935,Braeden Ryan,454.9022434890813,6
1485,Erich Kris,339.4435149858327,6
1836,Bianka Crona,608.7958216933175,6
1859,Murl Keeling,610.6299941717455,6
197,Aletha Kertzmann,488.10406249372664,6
2356,Alana Roberts,265.379154534641,6
2399,Janae Bahringer,551.1499331745891,6
359,Mattie Russel,584.3581128906601,6
2087,Dawson McGlynn,728.6873445865573,6
286,Pamela Jast,366.8870107440268,5
1662,Clay Pfannerstill,210.72381431847393,5
1420,Leonardo Langworth,442.6732370553112,5
663,Philip Fadel,328.89645319071104,5
1535,Eleonore Towne,352.43960237889183,5
1947,Earnest Buckridge,259.85148989631324,5
38,Cecilia Stark,414.2046312790647,5
627,Efrain Spencer,399.4157229995895,5
798,Arden Jast,367.61963855060645,5
1017,Maybelle Cummerata,417.9280924447561,5
1151,Norene Cole,419.5917524753562,5
2062,Velva Zemlak,364.9181474228544,5
186,Caitlyn Dach,312.3715255937827,5
763,Ezekiel McLaughlin,391.5508968736299,5
2245,Rudolph Ankunding,412.9488446945575,5
1196,Kitty Hessel,392.87534960511005,5
1912,Loy Gleichner,614.2363724127766,5
1258,Vernice Bernier,466.57679634547037,5
1942,Pink Kuhic,357.4790059003344,5
1326,Maximillian Dickinson,334.18453176497405,5
525,Ethan Rutherford,424.80512193296715,5
1063,Flo Dickens,483.02205278606976,5
1365,Mollie Kozey,505.75062601135335,5
1936,Geovanni Effertz,593.4572442400142,5
1241,Danial Hegmann,321.0133982380476,5
2498,Verner Hamill,448.63892480299444,5
228,Estefania Leuschke,268.29345387605974,5
1736,Joaquin Franecki,393.1245956389787,5
1005,Bernardo Dietrich,264.9100697022189,5
2295,Gavin Hettinger,720.0065931564485,5
424,Earline Gulgowski,299.7252859539391,5
184,Jesse Daugherty,479.87812202625275,5
297,Ryley Nader,346.0123622779018,5
1603,Lula Rutherford,437.4505403994341,5
1405,Leo Toy,315.6439026224736,5
2332,Una Williamson,426.4023149048944,5
1834,Amelie Crist,608.5154152448789,5
176,Rebeca Parisian,367.4599975635169,5
634,Oswaldo Heaney,389.2004686334647,5
637,Maximillian Zboncak,458.51625821372164,5
824,Justine Olson,308.42519985875487,5
1687,Santa Schimmel,272.33352738858036,5
2355,Modesta Kessler,471.4800208782932,5
100,Nels Heaney,471.30299090367384,5
1734,Art Graham,247.58184700935365,5
457,Marguerite Huels,371.62139636595566,5
888,Bud Bruen,509.77904267887806,5
1777,Stan Ernser,415.81320592273903,5
1244,Hollie Carter,290.31915319784844,5
1482,Connie Satterfield,551.3723996118911,5
2114,Jazmyne Medhurst,598.9684544996736,5
2232,Mohammad Swift,281.1796717082829,5
2047,Cyrus Wisozk,499.0342890203852,5
1579,Jena Schoen,339.0347701917988,5
1191,Alphonso Rodriguez,476.590409022045,5
769,Maverick Roob,426.04221216301346,5
61,Lina Labadie,470.37432995379714,5
2274,Dorcas Dicki,417.44145134404266,5
125,Geoffrey D'Amore,569.3758889225822,5
1542,Camille Koepp,397.287407554584,5
1906,Price Smith,333.51019024991785,5
727,Cecelia Rolfson,395.4450644849394,5
963,Cindy Witting,307.9739704996915,5
2255,Camron Quigley,558.9898399639424,5
818,Eladio Parisian,372.9530032397169,5
1780,Ubaldo Wolf,451.22577871963983,5
1920,Viviane Cummerata,417.2272931293355,5
2069,Monte Langworth,468.4872397652077,5
221,Seth Goldner,263.61139179696295,5
865,Dagmar Sawayn,377.1246269393452,5
656,Bettie Funk,477.98114122534395,5
1472,Charity Blick,539.2364219667107,5
432,Lou Runte,481.9419474208071,5
1678,Donato Padberg,589.4547807852532,5
224,Pamela Murray,289.32091131729317,5
1131,Flavio Thompson,361.98773627352983,5
1381,Kiarra O'Kon,520.0218919373871,5
2187,Chris Satterfield,235.65146220750114,5
1889,Billy Hickle,348.25502132552447,5
1848,Danyka Kunze,515.0993281862483,5
874,Johathan Ebert,342.59970443655203,5
2071,Joana Stoltenberg,433.9967369964304,5
139,Norene Flatley,341.6831573409644,5
1216,Johnson Mohr,400.9337052196181,5
1811,Jennings Brakus,405.7187531672546,5
2192,Kirstin Bosco,536.7021991105136,5
690,Giovani Thompson,510.84531799758236,5
400,Benton Huel,405.06968062720205,5
1408,Lilly Veum,367.73973832989583,5
35,Chelsey Schuppe,382.26220680718654,5
1331,Jed Bartell,651.1495971566073,5
2172,Brooke Rempel,661.1101882416114,5
181,Evalyn Moen,426.98387847792617,5
371,Kimberly Braun,494.58736379891263,5
1792,Stanley Kuphal,304.8423623652194,5
1867,Alicia Runolfsdottir,431.00677067574503,5
1392,Pietro Swift,615.6709547616491,5
1853,Hannah Hodkiewicz,593.1264015817293,5
2475,Ophelia Herzog,571.0062924548162,5
2263,Clark Schinner,565.3638476527082,5
346,Alene Abernathy,287.73991519957985,4
277,Ruthe Champlin,304.2404896625825,4
1242,Tad Ruecker,316.9566956455064,4
164,Sabryna Schumm,301.9606379872728,4
290,Lila Marks,491.1586843648232,4
961,Josiah Jacobs,404.2529781806507,4
1625,Demetris Hauck,351.7789519569911,4
587,Deven Bruen,383.1566536209312,4
331,Max Reynolds,250.7528448394147,4
1127,Aurelio Jacobson,295.7738812820951,4
358,Antonina Rolfson,325.2359073103538,4
122,Brant Dare,341.61468826655715,4
1507,Verla Legros,182.58004056309878,4
2235,Mina Reynolds,461.30565412937653,4
1582,Makayla Feest,442.95871294147616,4
1897,Berry Hirthe,326.443141039231,4
1154,Merritt Weber,328.27726744237157,4
2006,Misty Daugherty,364.98822320165664,4
360,Stuart Wintheiser,359.4068990642924,4
788,Conner Windler,315.79114016151414,4
955,Torey Bahringer,405.42586401781796,4
1876,Bertrand Hayes,224.54777891410276,4
53,Nikolas Romaguera,333.7979393497888,4
301,Nichole Ledner,329.76043712364776,4
1219,Toby Sporer,288.0422910867726,4
2339,Bernice Witting,438.76813690051586,4
1569,Winnifred Schinner,182.19410842817575,4
2461,Kim Cormier,485.2743753634028,4
365,Sibyl Hettinger,417.36690935049415,4
2031,Loyal Schiller,271.43462315867663,4
421,Arely Zulauf,212.92312503090272,4
1712,Marco Kihn,200.23154567279119,4
2293,Chelsey Marvin,522.0141628697495,4
152,Ethan Kling,339.75581815947527,4
2001,Elza Williamson,500.61664356123765,4
2011,Elsa Dach,375.65090488399613,4
1247,Alysson Cartwright,220.10437065658348,4
1457,Lydia Schultz,318.48149483383656,4
4,Arnold Adams,259.9567882417142,4
2282,Arlene Dietrich,448.92840510192036,4
881,Kaya Schoen,405.3562280499055,4
2358,Johnathan Kris,146.77433699698224,4
1812,Trevion Raynor,460.8027599347873,4
2053,Rosella Bergnaum,319.3311336145252,4
1438,Therese Schuppe,384.3589545386571,4
332,Kayley Klein,326.1540204548923,4
2132,Mellie Abernathy,545.9807571131639,4
6,Rene Muller,369.5970486800103,4
1187,Ashtyn Orn,285.1948230975983,4
809,Francesco Grant,418.58704036393345,4
914,Alfonzo Casper,355.3125902261715,4
1114,Celestino Wintheiser,500.3592518980184,4
1201,Kaycee Keebler,154.92200376137103,4
2488,Alberta Kutch,413.57400413741453,4
923,Conrad King,293.81937092516944,4
814,Miguel McGlynn,266.048303628184,4
1519,Ashley Price,377.7023863888905,4
2056,Earline Schmitt,299.08981712165456,4
309,Marilou Koss,476.05675174247096,4
2437,Carmelo Kilback,277.8392651354629,4
52,Velma Little,324.3136506099869,4
2124,Jazlyn Murray,487.83988348404546,4
1665,Henriette Hane,424.54510371697944,4
107,Verla O'Kon,241.2712325241122,4
355,Jairo Schiller,231.20680499753973,4
1863,Monserrate Doyle,269.0716950017051,4
2380,Mathilde Quigley,314.04950351381495,4
1106,Arne Kub,498.84845677628573,4
729,Maurice Rippin,221.02705082373924,4
2045,Mack Lakin,297.3060995339583,4
1891,Justyn Nikolaus,331.7186146608713,4
2127,Stephon Davis,355.6303887927721,4
2043,Jason Spencer,487.5046500368062,4
2422,Susana Stiedemann,238.0921325093589,4
1711,Marianna Heaney,370.9225979615829,4
1045,Clementine Collins,359.798597210582,4
1670,Lonnie Beier,308.1428733777227,4
373,Dawson Kuvalis,359.7431533858018,4
1574,Tito Metz,284.194610816326,4
1150,Camron Homenick,303.25144953790385,4
834,Haleigh Bayer,283.2308460577016,4
2041,Maurine Considine,301.8285096861973,4
2201,Cleveland Welch,419.2370878728336,4
105,Carleton Effertz,181.18279062572282,4
622,Augusta Lueilwitz,281.58400836524504,4
1694,Rosalinda Stamm,275.12588503858564,4
1215,Estefania Conroy,283.8539638669767,4
1842,Candace McKenzie,334.391005633766,4
1999,Bell Fritsch,359.97525774523046,4
808,Grady Raynor,391.65205130627277,4
59,Hugh Hahn,297.01619358672485,4
1306,Ana Cruickshank,303.68791907955887,4
1363,Toy Osinski,448.98139529415,4
585,Stefan Reilly,414.1531643382941,4
828,Irma Waters,200.29287021069823,4
1364,Trevor Smith,321.310943850402,4
344,Ellsworth Stamm,211.131312114441,4
145,Aryanna Hegmann,286.8295444827526,4
1595,Olga Yost,338.24722675006973,4
2002,Nadia Vandervort,204.32094175185367,4
77,Felipe Wilkinson,366.7292357577422,4
174,Quentin Cummings,265.27433912480444,3
840,Eusebio Eichmann,178.2339668108022,3
1369,Rosalee Reinger,192.12358687185483,3
1411,Lilly Harber,252.4740964901685,3
851,Ryann Rice,328.9480090468785,3
88,Breanne Schiller,336.9475499075984,3
534,Lacey Balistreri,230.00914716328117,3
843,Zackery Kuhn,195.41806432923912,3
1338,Joanne Powlowski,175.7054461182979,3
397,Lavern Botsford,233.33766712598694,3
612,Virginia Prohaska,266.4226071683867,3
1955,Hailie Weimann,368.8024787067561,3
877,Larry Paucek,280.88933228489816,3
132,Kenna Bailey,254.64779378227595,3
203,Jessika Treutel,347.5901921444188,3
1505,Joany Bartell,256.63468993309914,3
2058,Else Ankunding,167.92553892618366,3
821,Haylie Bosco,293.7168812904674,3
623,Olen Emmerich,166.25496993563064,3
835,Gloria Conn,148.58073699069752,3
1049,Audra Mante,237.98748012664151,3
1095,Armand Cronin,156.38042961010015,3
1138,Morris Gaylord,424.9144166039058,3
1077,Veronica Weissnat,209.09588879093815,3
1664,Leonor Mitchell,210.78299929343547,3
1989,Adrian Lemke,158.42340847215004,3
98,Lucas Beer,203.70800386756807,3
510,Arnoldo Cronin,241.42801807234116,3
980,Abelardo Purdy,190.74713379542837,3
2378,Manuel Feeney,379.29495850996534,3
529,Haylie Johns,161.6413459738348,3
330,Edward McClure,311.38924313872656,3
383,Phoebe Wintheiser,206.1650131895631,3
2382,Annamae Gislason,197.9888350197792,3
2054,Hilma Wyman,196.80005476191351,3
1165,Makayla Ondricka,155.38646917369294,3
1374,Kory Bosco,124.96551348141098,3
991,Quincy Weber,253.21880813795133,3
1791,Cyrus Macejkovic,142.4454461993892,3
455,Leonie Crona,229.07530178923054,3
2304,Janis Renner,370.7681618083054,3
210,Earnestine Prohaska,223.11421728709115,3
635,Rahul Kreiger,303.1438973961142,3
2418,Brooks Altenwerth,218.17377906017583,3
119,Makayla Heathcote,159.7358995208403,3
1444,Kaleigh Harris,462.6680397685061,3
2102,Garrison Will,385.57510011523874,3
2259,Dedrick Steuber,245.23554874619867,3
844,Vida Crist,165.60144946723779,3
1984,Khalil Kiehn,180.8453858979675,3
116,Jimmie Doyle,231.28675220337885,3
866,Maybelle Romaguera,216.94205593838183,3
2093,Royal Jast,134.75553706450626,3
863,Paolo Kshlerin,440.8104036559553,3
2273,Marguerite Pouros,103.92584950656214,3
1615,Sandy Feest,270.48368771821526,3
1517,Clifton Tremblay,189.69917723693064,3
1295,Zachariah Cartwright,252.54729083554776,3
944,Hollis Rau,219.59160686573102,3
1450,Zachariah Bosco,208.30245026173822,3
1069,Ansley Cummings,236.97449336546282,3
456,Rogelio Turner,226.8391791921988,3
83,Theresa Kertzmann,221.53279766036127,3
2220,Cedrick Kessler,191.6348856444978,3
248,Chanelle Cummings,215.82015272905608,3
84,Dorris Frami,202.05779531805229,3
783,Shayne Crona,320.5971741298015,3
1814,Shane Adams,130.7388779419094,3
1878,Herman Ratke,370.1187191334782,3
1147,Nick Collier,137.3926263790622,3
562,Samson Hauck,346.7076750357813,3
1630,Noelia Lynch,125.8198457179006,3
530,Camila Kautzer,235.0432596531638,3
1949,Carley Orn,281.7954649515651,3
2391,Jude Reinger,472.32043411612915,3
2395,Brennan Olson,210.27611010402404,3
1004,Alvis Emmerich,144.97161837088132,3
1312,Isom Welch,173.3277692687255,3
1268,Lenna Hahn,178.589656846886,3
1650,Lyda Schulist,414.80424457404575,3
2174,Adele Parker,308.9585888909873,3
1790,Claudie Dare,271.7265640060305,3
619,Vince Balistreri,287.1964768786177,3
766,Zula Boehm,259.50169507955644,3
708,Davin Jewess,208.88197899981634,3
509,Ignatius Watsica,274.9726763564913,3
959,Joe Mills,278.27998802952317,3
2126,Abraham Kerluke,343.7511513156278,3
317,Sibyl Bernier,331.7287018201068,3
1958,Bernardo Torphy,406.1894132059113,3
1305,Isabel Swaniawski,246.5292543287045,3
2306,Makenna Abshire,221.8526556120206,3
419,Jaeden Cremin,133.312288312774,3
608,Melisa Grimes,228.20041834785314,3
1161,Cortney Zemlak,143.64917923032576,3
1739,Alexandrine Rosenbaum,254.2619010120564,3
776,Clemens Hansen,258.3986552088751,3
2363,Alison Klocko,192.69795839350547,3
97,Quentin Leannon,235.3187008546646,3
1831,Electa Barrows,292.3392566856574,3
964,Lionel Hyatt,148.00818324181967,3
586,Rosalyn Bauch,246.7380302522994,3
1851,Nolan Lebsack,119.63536965871492,3
2260,Reed Dach,399.087036049318,3
1245,Justine Schneider,296.27778870034314,3
565,Letha Streich,243.08535407608971,3
721,Charlene Bayer,57.729297726229284,2
1577,Omari O'Conner,193.61811098023412,2
589,Lazaro Luettgen,191.80557985065502,2
1627,Sydnie Connelly,121.1201386957174,2
481,Keely O'Conner,169.03163406873148,2
1367,Bonnie Kemmer,69.89593277576623,2
1658,Aida Schneider,138.77519801443106,2
1769,Vesta Lang,292.4735153674314,2
384,Tressie Smitham,183.45901369866976,2
1446,Gaetano Rogahn,108.99874106434834,2
1267,Fatima Murphy,221.69069448602448,2
1359,Brett Koepp,329.5440541192643,2
688,Omari Homenick,215.86335316570683,2
1223,Antwan Fisher,190.5991276464512,2
987,Marvin Kris,175.5206437477093,2
1729,Cordelia Stokes,178.89271385046567,2
1995,Jensen Schneider,228.37493890450793,2
187,Bethel Schultz,141.99123284583123,2
64,Terrence Grimes,129.74883608352175,2
2421,Prince Schowalter,148.737182226424,2
1598,Paxton Glover,328.0042991396694,2
167,Grady Sipes,181.10583927789372,2
990,Paula Corkery,151.67907966686894,2
1102,Winona Cassin,152.1824753862065,2
1424,Rey Schumm,131.4886347399474,2
1334,Liam Graham,123.95961638031551,2
19,Wyman Kertzmann,218.071266745161,2
1221,Edwin Von,146.01921342354177,2
254,Ramiro Green,217.7860685578994,2
1194,Phyllis Auer,251.988247624132,2
1071,Helen Crooks,198.8158954855546,2
1991,Lizeth Carter,350.15636992608484,2
363,Diana Marvin,119.3916706223051,2
1276,Constantin Harris,177.94153877166247,2
2460,Shad Bernhard,268.40611583021877,2
2468,Jesus Marquardt,102.98774270699114,2
1259,Elinore Carroll,125.74094477146605,2
1928,Dominic Jacobi,221.30266022126952,2
811,Grant Breitenberg,163.70048818590055,2
523,Deonte Hoeger,152.6537805286838,2
30,Desiree Walsh,171.97228964389575,2
2012,Kyler Halvorson,79.52215017106145,2
2333,Emmie Beatty,248.3425482288174,2
1690,Sterling Feil,299.5315595120669,2
1532,Marquis Fisher,213.68769159987568,2
1692,Jennifer Klocko,108.04359838171372,2
1614,Sallie Wehner,85.14890844316503,2
2495,Alfonzo Monahan,56.64581364779663,2
1107,Leonora Howell,191.00312443392647,2
2079,Amparo Fadel,105.38316853237502,2
480,Crawford Rath,208.1219958968182,2
858,Angie Hills,148.68261631456085,2
2431,Melissa Mertz,43.68356475357675,2
1292,Kaleb Schultz,106.23874742264854,2
592,Manley Bogan,188.80654074116234,2
2103,Brown Davis,35.716486750404094,2
2441,Joelle Ullrich,239.0351985509451,2
837,Bonita King,163.71606742061624,2
1489,Burnice Marks,225.59974147549656,2
1638,Mollie Bogan,256.6006062712406,2
2254,Kariane Hintz,110.47813256243779,2
2022,Maryam Watsica,49.715770908381884,2
901,Libbie Larkin,235.57943869249846,2
2162,Eldon Crona,342.5045397737233,2
81,Curt Baumbach,147.15762771516575,2
1003,Orion Romaguera,265.08479662523325,2
1702,Eileen Hand,104.65958313453862,2
2208,Jaunita Wehner,66.21300220734172,2
2004,Mark Bayer,77.72487177668717,2
1652,Arielle Dach,89.51925478457643,2
398,Norval Collins,291.67826613319824,2
194,Destany Friesen,234.48599564007924,2
1534,Chelsie Bergstrom,217.05017000399152,2
2278,Hertha Price,170.0376576951436,2
1303,Ricky Kulas,147.567917360926,2
716,Ben Roob,120.73705026635425,2
1355,Miracle Erdman,168.263923057669,2
1108,Wyatt McDermott,105.02178036953184,2
1313,Darien Botsford,118.04515618114347,2
533,Jennie Kuhlman,172.96018123490796,2
670,Syble Collier,117.1176849338562,2
897,Mya Aufderhar,198.17983174296847,2
51,Alvah Wilderman,151.8420012298094,2
1475,Kobe O'Keefe,219.3003034337714,2
1092,Carmen Abshire,97.06144421269201,2
2101,Jared Tromp,109.66891482058075,2
2500,Kenny Schmidt,225.9700908355445,2
2144,Jenifer Aufderhar,100.90465458008768,2
320,Adriel Hudson,246.07368083145872,2
836,Janet Stiedemann,216.00238036239415,2
2050,Tavares Metz,254.38247752413145,2
2252,Adelia Metz,214.51114293886062,2
1116,Jaron Hansen,137.17043090682262,2
9,Anais Ward,122.88246762824551,2
899,Samara Hegmann,121.763022782218,2
33,Alphonso Quigley,99.21683932015543,2
598,Lon Friesen,237.06795870343194,2
860,Lesly Fay,128.19529878540496,2
381,Trudie Koch,55.06422641055436,1
2474,Ubaldo Rath,49.57093668369858,1
1260,Miles VonRueden,37.098461591631505,1
1798,Paige Lueilwitz,34.08980984911339,1
2296,Jamar Heathcote,49.40429328089567,1
957,Marta Langworth,81.62339366395771,1
2410,Sandrine Herman,203.33042790146564,1
1751,Theresia Russel,165.12618705978826,1
46,Kaleb Swaniawski,118.13496639761573,1
636,Danny Pollich,103.63487011550752,1
1669,Gunner Hodkiewicz,104.16719632395095,1
1346,Gerard Ruecker,66.33857612700052,1
2104,Virgil Schowalter,54.06448155158399,1
1805,Alvena Rempel,207.54927259920873,1
1683,Margaret Kshlerin,44.10876136861046,1
120,Ashton Schmidt,52.78889620290434,1
190,Oswald Corwin,129.50942306492706,1
692,Janiya Lockman,59.39026548723276,1
669,Dimitri Wisoky,127.91079430189636,1
1549,Javon Jast,58.22404516354679,1
733,Jerry Stracke,43.14080458953659,1
1575,Dylan Kertzmann,48.77264652507746,1
715,Lafayette Kertzmann,31.24745529152762,1
1620,Mathias Maggio,95.86292757700087,1
1733,Adrianna Larson,177.69099581137365,1
41,Bernadine Gorczany,121.41976834932669,1
2314,Easton Koch,27.97126767824396,1
75,Isobel Fadel,65.1065586643507,1
2442,Ubaldo Gulgowski,142.43291402451555,1
967,Zoie Kozey,45.729474591044344,1
1081,Esther Douglas,73.75226515015113,1
1835,Aurore Yundt,169.298517988685,1
1171,Humberto Beer,56.975805205882395,1
1701,Lupe Konopelski,86.80202575465813,1
1314,Roel Gislason,55.80452545501558,1
1797,Julianne Leffler,81.0589938510667,1
760,Louie Willms,94.09313529902731,1
2424,Mekhi O'Conner,85.57190319630709,1
2153,Leola Marks,25.97546494633444,1
1671,Howell Morissette,74.11598308501148,1
2411,Tyrel Beatty,32.98345981230409,1
469,Letha Murazik,90.63270533530931,1
748,Eden Jenkins,95.57404633049175,1
1606,Alden Bednar,90.55084196486293,1
2241,Kamryn Eichmann,32.66272929111641,1
1129,Elyssa Cronin,39.136380314703985,1
1743,Darlene Terry,158.8074851601257,1
2449,Quinn Metz,21.459410242126335,1
787,Dina Wolf,88.70775119654165,1
434,Domenico Abernathy,101.86527911180079,1
1451,Electa Stehr,57.2154812468461,1
239,Glenna Runolfsson,150.11075016905673,1
2256,Hayley Heaney,117.27181604999454,1
1495,Dena Schiller,60.933660307687994,1
2261,Reid Waelchi,14.315527651236485,1
258,Melvin Upton,76.97397888667818,1
547,Sim Gusikowski,99.71133855287503,1
1939,Amya Marquardt,247.88659731281933,1
937,Adonis Ritchie,49.610037233593744,1
1470,Tanner Walker,101.21925973230032,1
280,Ryleigh Gleason,60.7153476690495,1
1809,Rita Schmeler,178.07389800526465,1
1757,Michael Frami,60.700712242811036,1
135,Rhett Mante,70.47749739500898,1
1310,Nicola Krajcik,45.81479230117773,1
2404,Werner Koepp,73.07327105252777,1
1153,Carmela Schinner,45.79018000740496,1
2155,Natalie Rolfson,101.97977054298279,1
2197,Aletha Huels,15.335314433154274,1
2444,Karley Hermann,48.607949211578095,1
1725,Stanley Watsica,131.78407514629296,1
1479,Colton Kuphal,62.38853511459041,1
1156,Caleb Dare,30.739855451332087,1
5,Dominique Leffler,103.57613671689575,1
1914,Lawson Heidenreich,102.07724219455024,1
2426,Jonas O'Keefe,102.27150263498302,1
1288,Norwood Lind,141.6873113026969,1
1142,Corbin Wiegand,92.23086777687416,1
242,Jaylin Hudson,130.9584002603451,1
815,Aniya Langosh,67.6402048497571,1
1436,Tyrel Runolfsson,47.844699187164835,1
1746,David Hettinger,36.13876324013712,1
528,Jennyfer Hermiston,158.7612795468893,1
1020,Darryl Bahringer,124.58533587943758,1
1821,Otto Littel,39.92214412022963,1
1333,Braeden Stehr,38.88515633110965,1
725,Sedrick Harvey,78.84168918661062,1
1633,Tobin Braun,174.38807981278333,1
